-- Adminer 4.7.7 MySQL dump

SET NAMES utf8;
SET time_zone = '+00:00';
SET foreign_key_checks = 0;
SET sql_mode = 'NO_AUTO_VALUE_ON_ZERO';

SET NAMES utf8mb4;

DROP TABLE IF EXISTS `categories`;
CREATE TABLE `categories` (
  `id` bigint(20) unsigned NOT NULL AUTO_INCREMENT,
  `image` varchar(191) COLLATE utf8mb4_unicode_ci DEFAULT NULL,
  `parent_id` int(11) DEFAULT NULL,
  `slug` varchar(191) COLLATE utf8mb4_unicode_ci NOT NULL,
  `created_at` timestamp NULL DEFAULT NULL,
  `updated_at` timestamp NULL DEFAULT NULL,
  PRIMARY KEY (`id`)
) ENGINE=InnoDB DEFAULT CHARSET=utf8mb4 COLLATE=utf8mb4_unicode_ci;

INSERT INTO `categories` (`id`, `image`, `parent_id`, `slug`, `created_at`, `updated_at`) VALUES
(1,	NULL,	NULL,	'hoa-chat',	'2020-09-21 03:19:46',	'2020-09-21 03:19:46'),
(2,	NULL,	NULL,	'dong-co',	'2020-09-21 03:19:46',	'2020-09-21 03:19:46');

DROP TABLE IF EXISTS `category_product`;
CREATE TABLE `category_product` (
  `id` bigint(20) unsigned NOT NULL AUTO_INCREMENT,
  `product_id` int(11) NOT NULL,
  `category_id` int(11) NOT NULL,
  `created_at` timestamp NULL DEFAULT NULL,
  `updated_at` timestamp NULL DEFAULT NULL,
  PRIMARY KEY (`id`)
) ENGINE=InnoDB DEFAULT CHARSET=utf8mb4 COLLATE=utf8mb4_unicode_ci;

INSERT INTO `category_product` (`id`, `product_id`, `category_id`, `created_at`, `updated_at`) VALUES
(10,	10,	1,	NULL,	NULL),
(11,	11,	1,	NULL,	NULL),
(13,	13,	1,	NULL,	NULL),
(14,	14,	1,	NULL,	NULL),
(15,	15,	1,	NULL,	NULL),
(16,	16,	1,	NULL,	NULL),
(17,	17,	2,	NULL,	NULL),
(18,	18,	2,	NULL,	NULL),
(19,	19,	2,	NULL,	NULL),
(20,	20,	2,	NULL,	NULL),
(21,	21,	2,	NULL,	NULL),
(22,	22,	2,	NULL,	NULL),
(32,	26,	2,	NULL,	NULL),
(33,	27,	1,	NULL,	NULL),
(34,	28,	1,	NULL,	NULL),
(35,	29,	1,	NULL,	NULL),
(36,	25,	2,	NULL,	NULL),
(37,	24,	2,	NULL,	NULL),
(38,	23,	2,	NULL,	NULL),
(39,	30,	2,	NULL,	NULL),
(40,	31,	2,	NULL,	NULL),
(41,	32,	2,	NULL,	NULL),
(42,	33,	2,	NULL,	NULL),
(43,	34,	2,	NULL,	NULL);

DROP TABLE IF EXISTS `category_translations`;
CREATE TABLE `category_translations` (
  `id` bigint(20) unsigned NOT NULL AUTO_INCREMENT,
  `category_id` int(10) unsigned NOT NULL,
  `locale` varchar(191) COLLATE utf8mb4_unicode_ci NOT NULL,
  `name` varchar(191) COLLATE utf8mb4_unicode_ci NOT NULL,
  `description` text COLLATE utf8mb4_unicode_ci,
  `created_at` timestamp NULL DEFAULT NULL,
  `updated_at` timestamp NULL DEFAULT NULL,
  PRIMARY KEY (`id`),
  UNIQUE KEY `category_translations_category_id_locale_unique` (`category_id`,`locale`),
  KEY `category_translations_locale_index` (`locale`)
) ENGINE=InnoDB DEFAULT CHARSET=utf8mb4 COLLATE=utf8mb4_unicode_ci;

INSERT INTO `category_translations` (`id`, `category_id`, `locale`, `name`, `description`, `created_at`, `updated_at`) VALUES
(1,	1,	'vi',	'Hóa chất',	NULL,	NULL,	NULL),
(2,	1,	'en',	'Chemistry',	NULL,	NULL,	NULL),
(3,	1,	'cn',	'化工',	NULL,	NULL,	'2020-10-20 03:37:43'),
(4,	2,	'vi',	'Động cơ',	NULL,	NULL,	NULL),
(5,	2,	'en',	'Motor',	NULL,	NULL,	'2020-11-14 07:18:09'),
(6,	2,	'cn',	'电机',	NULL,	NULL,	'2020-10-15 04:46:54');

DROP TABLE IF EXISTS `colors`;
CREATE TABLE `colors` (
  `id` bigint(20) unsigned NOT NULL AUTO_INCREMENT,
  `name` varchar(191) COLLATE utf8mb4_unicode_ci NOT NULL,
  `color_code` varchar(191) COLLATE utf8mb4_unicode_ci NOT NULL,
  `created_at` timestamp NULL DEFAULT NULL,
  `updated_at` timestamp NULL DEFAULT NULL,
  PRIMARY KEY (`id`)
) ENGINE=InnoDB DEFAULT CHARSET=utf8mb4 COLLATE=utf8mb4_unicode_ci;


DROP TABLE IF EXISTS `color_product`;
CREATE TABLE `color_product` (
  `id` bigint(20) unsigned NOT NULL AUTO_INCREMENT,
  `color_id` int(11) NOT NULL,
  `product_id` int(11) NOT NULL,
  `created_at` timestamp NULL DEFAULT NULL,
  `updated_at` timestamp NULL DEFAULT NULL,
  PRIMARY KEY (`id`)
) ENGINE=InnoDB DEFAULT CHARSET=utf8mb4 COLLATE=utf8mb4_unicode_ci;


DROP TABLE IF EXISTS `contacts`;
CREATE TABLE `contacts` (
  `id` bigint(20) unsigned NOT NULL AUTO_INCREMENT,
  `name` varchar(191) COLLATE utf8mb4_unicode_ci NOT NULL,
  `email` varchar(191) COLLATE utf8mb4_unicode_ci NOT NULL,
  `phone` varchar(191) COLLATE utf8mb4_unicode_ci NOT NULL,
  `message` varchar(191) COLLATE utf8mb4_unicode_ci NOT NULL,
  `created_at` timestamp NULL DEFAULT NULL,
  `updated_at` timestamp NULL DEFAULT NULL,
  PRIMARY KEY (`id`)
) ENGINE=InnoDB DEFAULT CHARSET=utf8mb4 COLLATE=utf8mb4_unicode_ci;


DROP TABLE IF EXISTS `media`;
CREATE TABLE `media` (
  `id` bigint(20) unsigned NOT NULL AUTO_INCREMENT,
  `mediaable_type` varchar(191) COLLATE utf8mb4_unicode_ci NOT NULL,
  `mediaable_id` varchar(191) COLLATE utf8mb4_unicode_ci NOT NULL,
  `name` varchar(191) COLLATE utf8mb4_unicode_ci NOT NULL,
  `is_default` tinyint(4) NOT NULL,
  `created_at` timestamp NULL DEFAULT NULL,
  `updated_at` timestamp NULL DEFAULT NULL,
  PRIMARY KEY (`id`)
) ENGINE=InnoDB DEFAULT CHARSET=utf8mb4 COLLATE=utf8mb4_unicode_ci;


DROP TABLE IF EXISTS `migrations`;
CREATE TABLE `migrations` (
  `id` int(10) unsigned NOT NULL AUTO_INCREMENT,
  `migration` varchar(191) COLLATE utf8mb4_unicode_ci NOT NULL,
  `batch` int(11) NOT NULL,
  PRIMARY KEY (`id`)
) ENGINE=InnoDB DEFAULT CHARSET=utf8mb4 COLLATE=utf8mb4_unicode_ci;

INSERT INTO `migrations` (`id`, `migration`, `batch`) VALUES
(1,	'2014_10_12_000000_create_users_table',	1),
(2,	'2014_10_12_100000_create_password_resets_table',	1),
(3,	'2020_03_08_094828_create_products_table',	1),
(4,	'2020_03_08_094852_create_categories_table',	1),
(5,	'2020_03_08_094905_create_orders_table',	1),
(6,	'2020_03_08_094924_create_wishlists_table',	1),
(7,	'2020_03_08_095645_create_product_category_table',	1),
(8,	'2020_04_17_163731_create_media_table',	1),
(9,	'2020_05_24_032904_create_colors_table',	1),
(10,	'2020_05_24_033141_create_color_product_table',	1),
(11,	'2020_06_15_155511_create_product_translations_table',	1),
(12,	'2020_06_15_155519_create_category_translations_table',	1),
(13,	'2020_06_15_172223_create_posts_table',	1),
(14,	'2020_06_15_172618_create_post_translations_table',	1),
(15,	'2020_06_24_124201_add_cloumn_des_product_table',	1),
(16,	'2020_06_25_145040_create_contacts_table',	1),
(17,	'2020_06_25_152548_add_cloumn_star_to_product',	1),
(18,	'2020_07_14_142527_add_cloumn_products_table',	1),
(19,	'2020_09_15_064220_create_settings_table',	1),
(20,	'2020_09_15_064338_create_sliders_table',	1),
(21,	'2020_09_15_081611_create_setting_translations_table',	1),
(22,	'2020_09_16_092757_create_slider_translations_table',	1),
(23,	'2020_09_17_022527_change_cloumn_to_slide_translations_table',	1),
(24,	'2020_09_17_035200_create_reviews_table',	1),
(25,	'2020_09_17_035655_create_review_translations_table',	1),
(26,	'2020_09_17_081818_create_partners_table',	1);

DROP TABLE IF EXISTS `orders`;
CREATE TABLE `orders` (
  `id` bigint(20) unsigned NOT NULL AUTO_INCREMENT,
  `user_id` int(11) NOT NULL,
  `price` int(11) NOT NULL,
  `created_at` timestamp NULL DEFAULT NULL,
  `updated_at` timestamp NULL DEFAULT NULL,
  PRIMARY KEY (`id`)
) ENGINE=InnoDB DEFAULT CHARSET=utf8mb4 COLLATE=utf8mb4_unicode_ci;


DROP TABLE IF EXISTS `partners`;
CREATE TABLE `partners` (
  `id` bigint(20) unsigned NOT NULL AUTO_INCREMENT,
  `name` varchar(191) COLLATE utf8mb4_unicode_ci NOT NULL,
  `image` varchar(191) COLLATE utf8mb4_unicode_ci NOT NULL,
  `created_at` timestamp NULL DEFAULT NULL,
  `updated_at` timestamp NULL DEFAULT NULL,
  PRIMARY KEY (`id`)
) ENGINE=InnoDB DEFAULT CHARSET=utf8mb4 COLLATE=utf8mb4_unicode_ci;

INSERT INTO `partners` (`id`, `name`, `image`, `created_at`, `updated_at`) VALUES
(1,	'Dương Tiến Phát',	'http://13.250.127.178//storage/photos/1/partners/Capture.PNG5.PNG',	'2020-09-21 08:19:07',	'2020-11-18 13:00:27'),
(2,	'Before All',	'http://13.250.127.178//storage/photos/1/partners/Capture.PNG9.PNG',	'2020-09-21 08:19:30',	'2020-11-18 13:00:57'),
(3,	'Michibike',	'http://13.250.127.178//storage/photos/1/partners/Capture.PNG7.PNG',	'2020-09-21 08:19:55',	'2020-11-18 13:01:12'),
(4,	'YADEA',	'http://13.250.127.178//storage/photos/1/partners/Capture.PNG4.PNG',	'2020-09-21 08:20:08',	'2020-11-18 13:01:29'),
(5,	'Nippon Paint',	'http://13.250.127.178//storage/photos/1/partners/Capture.PNG6.PNG',	'2020-09-21 08:20:23',	'2020-11-18 13:02:02');

DROP TABLE IF EXISTS `password_resets`;
CREATE TABLE `password_resets` (
  `email` varchar(191) COLLATE utf8mb4_unicode_ci NOT NULL,
  `token` varchar(191) COLLATE utf8mb4_unicode_ci NOT NULL,
  `created_at` timestamp NULL DEFAULT NULL,
  KEY `password_resets_email_index` (`email`)
) ENGINE=InnoDB DEFAULT CHARSET=utf8mb4 COLLATE=utf8mb4_unicode_ci;


DROP TABLE IF EXISTS `posts`;
CREATE TABLE `posts` (
  `id` bigint(20) unsigned NOT NULL AUTO_INCREMENT,
  `slug` varchar(191) COLLATE utf8mb4_unicode_ci NOT NULL,
  `image` varchar(191) COLLATE utf8mb4_unicode_ci NOT NULL,
  `view` int(11) NOT NULL DEFAULT '0',
  `is_recruitment` int(11) NOT NULL DEFAULT '0',
  `created_at` timestamp NULL DEFAULT NULL,
  `updated_at` timestamp NULL DEFAULT NULL,
  PRIMARY KEY (`id`)
) ENGINE=InnoDB DEFAULT CHARSET=utf8mb4 COLLATE=utf8mb4_unicode_ci;

INSERT INTO `posts` (`id`, `slug`, `image`, `view`, `is_recruitment`, `created_at`, `updated_at`) VALUES
(1,	'thi-truong-xe-dien-se-som-tao-cu-hich-lon-trong-tuong-lai',	'http://13.250.127.178//storage/photos/1/sliders/3-min.jpg',	0,	0,	'2020-09-21 09:20:40',	'2020-11-16 03:00:39'),
(2,	'tim-hieu-ve-nganh-cong-nghiep-hoa-chat-viet-nam',	'http://13.250.127.178//storage/photos/1/products/Chemistry/u1=60090650&u2=3896024917&fm=76.jpg',	0,	0,	'2020-09-21 09:22:06',	'2020-11-25 06:13:12'),
(3,	'chat-phu-gia-dung-cho-son-noi-that-va-ngoai-that-ma-ban-nen-biet',	'http://13.250.127.178//storage/photos/1/products/Chemistry/timg.jpg',	0,	0,	'2020-09-21 09:23:19',	'2020-11-25 06:15:49'),
(4,	'tuyen-dung-nhan-vien-kinh-doanh',	'http://13.250.127.178//storage/photos/1/news and recruitment/1.jpg',	0,	1,	'2020-09-21 09:25:22',	'2020-11-16 06:50:59'),
(5,	'tuyen-dung-vi-tri-phien-dich',	'http://13.250.127.178//storage/photos/1/news and recruitment/unnamed.jpg',	0,	1,	'2020-11-16 07:43:23',	'2020-11-18 04:05:46');

DROP TABLE IF EXISTS `post_translations`;
CREATE TABLE `post_translations` (
  `id` bigint(20) unsigned NOT NULL AUTO_INCREMENT,
  `post_id` int(10) unsigned NOT NULL,
  `locale` varchar(191) COLLATE utf8mb4_unicode_ci NOT NULL,
  `title` varchar(191) COLLATE utf8mb4_unicode_ci NOT NULL,
  `short_detail` text COLLATE utf8mb4_unicode_ci,
  `detail` longtext COLLATE utf8mb4_unicode_ci NOT NULL,
  `created_at` timestamp NULL DEFAULT NULL,
  `updated_at` timestamp NULL DEFAULT NULL,
  PRIMARY KEY (`id`),
  UNIQUE KEY `post_translations_post_id_locale_unique` (`post_id`,`locale`),
  KEY `post_translations_locale_index` (`locale`)
) ENGINE=InnoDB DEFAULT CHARSET=utf8mb4 COLLATE=utf8mb4_unicode_ci;

INSERT INTO `post_translations` (`id`, `post_id`, `locale`, `title`, `short_detail`, `detail`, `created_at`, `updated_at`) VALUES
(1,	1,	'vi',	'THỊ TRƯỜNG XE ĐIỆN SẼ SỚM TẠO CÚ HÍCH LỚN TRONG TƯƠNG LAI?',	'Với việc hàng loạt hãng xe truyền thống tuyên bố sẽ sớm loại bỏ động cơ đốt trong, chuyển sang phát triển xe điện, giới phân tích cho rằng thời của xe máy/ôtô điện sẽ phát triển trong tương lai.',	'<p style=\"text-align: justify;\">Trong nhiều thế kỷ qua,&nbsp;<a href=\"https://www.vietnamplus.vn/tags/%c4%91%e1%bb%99ng-c%c6%a1-%c4%91%e1%bb%91t-trong.vnp\">động cơ đốt trong</a>&nbsp;lu&ocirc;n đ&oacute;ng một vai tr&ograve; quan trọng, đặc biệt trong ph&aacute;t triển phương tiện giao th&ocirc;ng vận tải. C&ugrave;ng với sự ph&aacute;t triển về kinh tế-x&atilde; hội, sự gia tăng nhanh ch&oacute;ng về số lượng phương tiện cũng ng&agrave;y một gia tăng đ&atilde; đặt c&aacute;c quốc gia trước những th&aacute;ch thức lớn về c&aacute;c vấn đề &ocirc; nhiễm m&ocirc;i trường, nhu cầu về năng lượng...</p>\r\n\r\n<p style=\"text-align: justify;\">Trong bối cảnh đ&oacute;, c&aacute;c nước tr&ecirc;n thế giới đ&atilde; triển khai nhiều nghi&ecirc;n cứu ứng dụng nhằm giảm phụ thuộc v&agrave;o nhi&ecirc;n liệu h&oacute;a thạch, giảm &ocirc; nhiễm m&ocirc;i trường v&agrave; giảm ph&aacute;t thải kh&iacute; nh&agrave; k&iacute;nh. Trong lĩnh vực vận tải nổi l&ecirc;n một số xu hướng r&otilde; n&eacute;t về ứng c&ocirc;ng nghệ tiết kiệm năng lượng thay thế xăng dầu, đặc biệt phương tiện giao th&ocirc;ng chạy bằng điện đ&atilde; được quan t&acirc;m, ph&aacute;t triển ở nhiều nước tr&ecirc;n thế giới.</p>\r\n\r\n<p style=\"text-align: justify;\"><strong>C&aacute;c &#39;&ocirc;ng lớn&#39; đ&atilde; &#39;chuyển m&igrave;nh&#39;</strong></p>\r\n\r\n<p style=\"text-align: justify;\">Theo thống k&ecirc; của Cơ quan năng lượng quốc tế (IEA), v&agrave;o năm 2010, chỉ c&oacute; khoảng 17.000 &ocirc;t&ocirc; điện lưu th&ocirc;ng tr&ecirc;n to&agrave;n cầu. Đến năm 2019, con số đ&atilde; tăng l&ecirc;n 7,2 triệu chiếc, trong đ&oacute;&nbsp;Trung Quốc&nbsp;l&agrave; nước chiếm thị phần lớn nhất trong doanh số b&aacute;n ra to&agrave;n cầu của xe điện (47%) do mục ti&ecirc;u giảm nhập khẩu năng lượng, l&agrave;m sạch chất lượng kh&ocirc;ng kh&iacute; đ&ocirc; thị, x&acirc;y dựng&nbsp;ng&agrave;nh c&ocirc;ng nghiệp &ocirc;t&ocirc; trong nước.</p>\r\n\r\n<p style=\"text-align: justify;\">Kh&ocirc;ng phải h&atilde;ng &ocirc;t&ocirc; c&oacute; doanh số hay doanh thu lớn nhất thế giới,&nbsp;<a href=\"https://www.vietnamplus.vn/tags/Tesla.vnp\">Tesla</a>&nbsp;vẫn l&agrave; thương hiệu &ocirc;t&ocirc; điện được nhắc tới nhiều nhất v&agrave; l&agrave; h&atilde;ng &ocirc;t&ocirc; c&oacute; gi&aacute; trị cao nhất thời điểm hiện tại. Gần đ&acirc;y nhất, Volvo cũng đ&atilde; tuy&ecirc;n bố XC90 c&oacute; thể l&agrave; xe động cơ đốt trong cuối c&ugrave;ng của họ v&agrave; tới năm 2025 th&igrave; sẽ c&oacute; một nửa sản phẩm b&aacute;n ra sử dụng động cơ điện. Mercedes-Benz c&ograve;n tuy&ecirc;n bố đ&atilde; ngưng ph&aacute;t triển mới động cơ đốt trong từ năm 2019.</p>\r\n\r\n<p style=\"text-align: justify;\">Ch&iacute;nh phủ c&aacute;c nước cũng kh&ocirc;ng đứng ngo&agrave;i &ldquo;cuộc c&aacute;ch mạng xanh&rdquo; n&agrave;y. Ph&aacute;p v&agrave; Anh đ&atilde; tuy&ecirc;n bố sẽ chấm dứt việc b&aacute;n xe sử dụng động cơ đốt trong từ năm 2040.</p>\r\n\r\n<p style=\"text-align: justify;\">Tại Việt Nam, thực trạng &ocirc; nhiễm kh&ocirc;ng kh&iacute; đ&atilde; đến hồi cảnh b&aacute;o, Ch&iacute;nh phủ đ&atilde; đề nghị Bộ Giao th&ocirc;ng Vận tải nghi&ecirc;n cứu giải ph&aacute;p thắt chặt&nbsp;<a href=\"https://www.vietnamplus.vn/tags/ki%e1%bb%83m-so%c3%a1t-kh%c3%ad-th%e1%ba%a3i.vnp\">kiểm so&aacute;t kh&iacute; thải</a>&nbsp;với cả &ocirc;t&ocirc;, xe m&aacute;y.</p>\r\n\r\n<p style=\"text-align: justify;\">Tr&ecirc;n thực tế, mới đ&acirc;y một dự &aacute;n lớn về xe bus điện c&ocirc;ng nghệ cao đ&atilde; ch&iacute;nh thức được cấp ph&eacute;p v&agrave; chuẩn bị đi v&agrave;o hoạt động tại H&agrave; Nội, Th&agrave;nh phố Hồ Ch&iacute; Minh v&agrave; Ph&uacute; Quốc ngay trong năm 2020. Tại một số th&agrave;nh phố lớn cũng đ&atilde; c&oacute; 1 số trạm sạc pin c&ocirc;ng cộng cho xe điện được th&iacute; điểm triển khai từ ph&iacute;a doanh nghiệp.</p>\r\n\r\n<p style=\"text-align: justify;\"><img alt=\"\" src=\"http://www.vr.org.vn/PublishingImages/211020.1.jpg?RenditionID=10\" /></p>\r\n\r\n<p style=\"text-align: justify;\"><em>Xe bus điện của h&atilde;ng xe Việt VinFast sẵn s&agrave;ng chạy thử tại c&aacute;c th&agrave;nh phố lớn trong nước.</em></p>\r\n\r\n<p style=\"text-align: justify;\">B&ecirc;n cạnh đ&oacute;, Nghị định 57/2020 c&oacute; hiệu lực từ 10/07/2020 đ&atilde; mở cửa thu h&uacute;t c&aacute;c doanh nghiệp đầu tư sản xuất xe điện, xe hybrid, xe sử dụng nhi&ecirc;n liệu sinh học v&agrave; kh&iacute; thi&ecirc;n nhi&ecirc;n (gọi chung l&agrave; xe xanh) tại Việt Nam. Cụ thể, linh kiện nhập khẩu phục vụ sản xuất &#39;xe xanh&#39; được hưởng thuế 0%, đồng thời &aacute;p dụng cho c&aacute;c c&ocirc;ng ty sản xuất linh kiện v&agrave; phụ t&ugrave;ng, thay v&igrave; chỉ b&oacute; hẹp với c&aacute;c doanh nghiệp sản xuất &ocirc;t&ocirc; như trước đ&acirc;y.</p>\r\n\r\n<p style=\"text-align: justify;\">Theo con số thống k&ecirc; của Hiệp hội C&aacute;c nh&agrave; sản xuất xe m&aacute;y Việt Nam (VAMM) hiện thị trường hai b&aacute;nh tại Việt Nam vẫn đang được thống lĩnh bởi xe chạy xăng, khi số lượng loại xe n&agrave;y chiếm đến gần 95% tổng lượng xe hai b&aacute;nh. Tuy nhi&ecirc;n, trong những năm gần đ&acirc;y cho thấy đang c&oacute; một sự dịch chuyển với việc gia tăng đ&aacute;ng kể xe m&aacute;y, xe đạp điện. Số lượng xe m&aacute;y, xe đạp điện tại Việt Nam t&iacute;nh đến năm 2019 v&agrave;o khoảng 5 triệu chiếc.</p>\r\n\r\n<p style=\"text-align: justify;\">So với c&aacute;c nước khu vực như Trung Quốc, Đ&agrave;i Loan hay Nhật Bản, xe điện ở Việt Nam xuất hiện muộn hơn. Giai đoạn 2010, đa phần những chiếc xe điện (xe đạp, xe m&aacute;y điện) xuất hiện tại Việt Nam đều đến từ Trung Quốc, mẫu m&atilde; đa dạng nhưng thương hiệu kh&ocirc;ng nổi bật, chất lượng kh&ocirc;ng được kiểm so&aacute;t.</p>\r\n\r\n<p style=\"text-align: justify;\">Tuy nhi&ecirc;n, sự xuất hiện của&nbsp;VinFast&nbsp;Klara v&agrave;o năm 2018 l&agrave; một c&uacute; h&iacute;ch lớn v&agrave;o nền c&ocirc;ng nghiệp xe m&aacute;y điện tại Việt Nam. H&atilde;ng xe cũng kh&aacute;nh th&agrave;nh nh&agrave; m&aacute;y diện t&iacute;ch 6,4 ha với c&ocirc;ng suất 250.000 xe/năm c&ugrave;ng kế hoạch x&acirc;y dựng v&agrave;i chục ngh&igrave;n trạm sạc, cho thu&ecirc; pin để ho&agrave;n thiện hệ sinh th&aacute;i xe điện, khẳng định xu thế sử dụng xe điện hai b&aacute;nh thay thế cho xe lắp động cơ đốt trong tại Việt Nam.</p>\r\n\r\n<p style=\"text-align: justify;\">C&ugrave;ng với đ&oacute;, c&aacute;c h&atilde;ng xe kh&aacute;c cũng ồ ạt tiến v&agrave;o thị trường &lsquo;m&agrave;u mỡ&rsquo; n&agrave;y. Một số h&atilde;ng xe tr&ecirc;n thế giới như YADEA cũng đ&atilde; cập bến thị trường Việt Nam với nhiều mẫu xe; tập đo&agrave;n MBI H&agrave;n Quốc với DKBike; h&atilde;ng xe PEGA cũng cho ra sản phẩm Pega-S để &lsquo;so găng&rsquo; với những mẫu xe ga cao cấp,&hellip;</p>\r\n\r\n<p style=\"text-align: justify;\"><strong>Xe điện c&oacute; lợi g&igrave;?</strong></p>\r\n\r\n<p style=\"text-align: justify;\">Nhận định về tiềm năng của xe điện tại thị trường Việt, &ocirc;ng Nguyễn Thế Hiệp, Gi&aacute;m đốc kinh doanh YADEA Việt Nam cho biết việc &ocirc;t&ocirc; ng&agrave;y c&agrave;ng trở n&ecirc;n phổ biến l&agrave; cơ hội để ng&agrave;nh xe điện 2 b&aacute;nh ở Việt Nam ph&aacute;t triển mạnh mẽ. Khi người ti&ecirc;u d&ugrave;ng đ&atilde; sở hữu &ocirc;t&ocirc;, họ sẽ cần th&ecirc;m phương tiện nhỏ, nhẹ nh&agrave;ng v&agrave; nhiều tiện &iacute;ch để di chuyển tầm gần như xe m&aacute;y điện v&agrave; xe đạp điện.</p>\r\n\r\n<p style=\"text-align: justify;\"><img alt=\"221020.3.jpg\" src=\"http://www.vr.org.vn/contents/News/PublishingImages/Lists/News/AllItems/221020.3.jpg?RenditionID=10\" /></p>\r\n\r\n<p style=\"text-align: justify;\"><em>Xe điện hiện nay l&agrave; một phương tiện dần trở n&ecirc;n phổ biến với người ti&ecirc;u d&ugrave;ng Việt.</em></p>\r\n\r\n<p style=\"text-align: justify;\">Nếu n&oacute;i về lợi &iacute;ch của xe điện so với xe sử dụng động cơ đốt trong th&igrave; trực quan nhất l&agrave; khả năng tiết kiệm chi ph&iacute;. Xe điện c&oacute; chi ph&iacute; vận h&agrave;nh thấp hơn rất đ&aacute;ng kể so với xe truyền thống sử dụng động cơ đốt trong, bao gồm cả xe cả chi ph&iacute; nhi&ecirc;n liệu v&agrave; sửa chữa.</p>\r\n\r\n<p style=\"text-align: justify;\">Tổ chức nghi&ecirc;n cứu ti&ecirc;u d&ugrave;ng Consumer Reports (CR) của Mỹ vừa c&ocirc;ng bố với c&aacute;c mẫu &ocirc;t&ocirc; điện phổ biến c&oacute; thể gi&uacute;p người d&ugrave;ng tiết kiệm trung b&igrave;nh khoảng 6.000-15.000 USD sau khoảng 320 ngh&igrave;n km di chuyển so với c&aacute;c xe xăng, dầu c&oacute; c&ugrave;ng k&iacute;ch thước v&agrave; c&ugrave;ng ph&acirc;n kh&uacute;c.</p>\r\n\r\n<p style=\"text-align: justify;\">B&ecirc;n cạnh lợi &iacute;ch về chi ph&iacute;, c&oacute; một hạn chế đ&aacute;ng kể khi sử dụng xe điện l&agrave; vấn đề về dung lượng v&agrave; gi&aacute; th&agrave;nh ắc quy/pin, thời gian nạp, trạm nạp v&agrave; xử l&yacute; pin thải bỏ để bảo vệ m&ocirc;i trường.</p>\r\n\r\n<p style=\"text-align: justify;\">Trong khi c&aacute;c nh&agrave; quản l&yacute; nỗ lực để đề ra c&aacute;c ch&iacute;nh s&aacute;ch v&agrave; đổi mới c&ocirc;ng nghệ tạo thuận lợi cho ph&aacute;t triển xe điện th&igrave; người sử dụng lu&ocirc;n quan ngại liệu ắc quy/pin của xe c&oacute; thể đi hết h&agrave;nh tr&igrave;nh mong muốn của họ hay kh&ocirc;ng, v&agrave; thời gian chờ đợi để ắc quy được nạp đủ để thực hiện h&agrave;nh tr&igrave;nh tiếp theo.</p>\r\n\r\n<p style=\"text-align: justify;\">Khắc phục những trở ngại tr&ecirc;n, nhiều h&atilde;ng xe điện đ&atilde; ch&uacute; trọng x&acirc;y dựng những đổi mới c&ocirc;ng nghệ nhằm tạo điều kiện tối đa cho ph&aacute;t triển xe điện tại c&aacute;c quốc gia v&agrave; tr&ecirc;n to&agrave;n thế giới.</p>\r\n\r\n<p style=\"text-align: justify;\">Với nh&oacute;m xe m&aacute;y, YADEA cũng vừa c&ocirc;ng bố với việc sử dụng Ắc quy Graphene mới th&igrave; tổng chi ph&iacute; vận h&agrave;nh khi sử dụng xe của họ chưa tới 4 triệu đồng sau 5 năm sử dụng.</p>\r\n\r\n<p style=\"text-align: justify;\">Ngo&agrave;i ra, những d&ograve;ng pin Lithium-ion ph&aacute;t triển bởi VinFast v&agrave; LG&nbsp;Chem tr&ecirc;n c&aacute;c d&ograve;ng xe điện của h&atilde;ng xe Việt cũng cho những sự tiết kiệm tương tự với khả năng sạc nhanh v&agrave; đi trong qu&atilde;ng đường d&agrave;i l&ecirc;n tới 80km cho 1 lần sạc.</p>\r\n\r\n<p style=\"text-align: justify;\"><img alt=\"221020.4.jpg\" src=\"http://www.vr.org.vn/contents/News/PublishingImages/Lists/News/AllItems/221020.4.jpg?RenditionID=10\" /></p>\r\n\r\n<p style=\"text-align: justify;\"><em>Cải thiện chất lượng ắc quy/pin của c&aacute;c sản phẩm xe điện l&agrave; bước tiến lớn để người d&ugrave;ng c&oacute; thể đặt niềm tin v&agrave;o d&ograve;ng xe n&agrave;y.</em></p>\r\n\r\n<p style=\"text-align: justify;\">Kh&ocirc;ng chỉ đơn thuần l&agrave; phương tiện xanh gi&uacute;p cải thiện m&ocirc;i trường sống, xe điện c&ograve;n c&oacute; sự hấp dẫn ri&ecirc;ng ở việc được t&iacute;ch hợp h&agrave;ng loạt c&ocirc;ng nghệ điều khiển mới, bổ sung th&ecirc;m tiện &iacute;ch cho người l&aacute;i.</p>\r\n\r\n<p style=\"text-align: justify;\">Trong khi xe m&aacute;y truyền thống chỉ mới t&iacute;ch hợp smartkey, c&aacute;c mẫu xe m&aacute;y điện &lsquo;đầu bảng&rsquo; như YADEA G5, VinFast Klara S đ&atilde; ti&ecirc;n phong t&iacute;ch hợp eSIM, Bluetooh, GPS v&agrave; nhiều cảm biến tr&ecirc;n th&acirc;n xe phục vụ cho việc định vị, kho&aacute; xe, kiểm tra t&igrave;nh trạng xe ngay tr&ecirc;n smartphone,&hellip;</p>\r\n\r\n<p style=\"text-align: justify;\">Ngo&agrave;i ra, khi sử dụng xe m&aacute;y điện, người d&ugrave;ng c&ograve;n tr&uacute;t bỏ được g&aacute;nh nặng về việc bảo dưỡng, bảo tr&igrave; sản phẩm. C&aacute;c thiết bị, phụ t&ugrave;ng của xe điện cũng c&oacute; phần đơn giản v&agrave; dễ thay hơn.</p>\r\n\r\n<p style=\"text-align: justify;\">&lsquo;Thị trường xe điện ở Việt Nam hiện nay cần rất nhiều thời gian để gi&agrave;nh giật thị phần, bắt đầu từ việc c&aacute;c thương hiệu xe điện phải suy nghĩ đến việc tập trung cho chất lượng sản phẩm v&agrave; dịch vụ thay v&igrave; chỉ chạy đua theo gi&aacute; b&aacute;n. Khi đạt được điều n&agrave;y, xe điện sẽ trở th&agrave;nh phương tiện thay thế ho&agrave;n hảo xe xăng,&rsquo; &ocirc;ng Hiệp n&oacute;i.</p>',	'2020-09-21 09:20:40',	'2020-11-16 03:00:39'),
(2,	1,	'en',	'THE ELECTRIC CAR MARKET WILL MAKE BIG PROMOTIONS IN THE FUTURE?',	'With a series of traditional automakers announcing they will soon eliminate internal combustion engines and switch to electric vehicle development, analysts think that the era of electric motorcycles / cars will develop in the future.',	'<p style=\"text-align: justify;\">Over the past centuries, internal combustion engines have always played an important role, especially in the development of vehicles. Along with the socio-economic development, the rapid increase in the number of vehicles is also increasing, placing countries in the face of great challenges in environmental pollution, the demand for energy. amount ...<br />\r\n<br />\r\nIn that context, countries around the world have implemented many applied researches to reduce dependence on fossil fuels, reduce environmental pollution and reduce greenhouse gas emissions. In the transport sector, there are a number of clear trends in applying energy saving technologies to replace gasoline, especially electric vehicles have been interested and developed in many countries around the world.</p>\r\n\r\n<p style=\"text-align: justify;\"><strong>The &#39;big men&#39; have &#39;transformed&#39;</strong></p>\r\n\r\n<p style=\"text-align: justify;\">According to statistics of the International Energy Agency (IEA), in 2010, only about 17,000 electric cars circulated globally. By 2019, the figure has risen to 7.2 million units, of which China is the country with the largest share of global sales of electric vehicles (47%) due to its goal of reducing energy imports, clean urban air quality, build domestic automobile industry.</p>\r\n\r\n<p style=\"text-align: justify;\">Not the automaker with the largest sales or revenue in the world, Tesla is still the most talked about electric car brand and the most valuable car company right now. Most recently, Volvo also announced that the XC90 could be its last internal combustion engine vehicle and by 2025 there will be half of its products sold using electric motors. Mercedes-Benz also announced that it had discontinued new internal combustion engine development from 2019.</p>\r\n\r\n<p style=\"text-align: justify;\">Governments are also not out of this &quot;green revolution&quot;. France and the UK have vowed to end the sale of vehicles using internal combustion engines by 2040.</p>\r\n\r\n<p style=\"text-align: justify;\">In Vietnam, the situation of air pollution has come to a warning, the Government has asked the Ministry of Transport to study solutions to tighten emissions control for both cars and motorcycles.</p>\r\n\r\n<p style=\"text-align: justify;\">In fact, a big project on high-tech electric bus has been officially licensed and is going to go into operation in Hanoi, Ho Chi Minh City and Phu Quoc right in 2020. In some The big city also has a number of public battery charging stations for electric vehicles that have been piloted by enterprises.</p>\r\n\r\n<p style=\"text-align: justify;\"><img alt=\"\" src=\"http://www.vr.org.vn/PublishingImages/211020.1.jpg?RenditionID=10\" /></p>\r\n\r\n<p style=\"text-align: justify;\">VinFast&#39;s electric bus is ready to test in major cities in the country.</p>\r\n\r\n<p style=\"text-align: justify;\">&nbsp;</p>\r\n\r\n<p style=\"text-align: justify;\">In addition, Decree 57/2020, effective from July 10, 2020, has opened the door to attract businesses to invest in the production of electric cars, hybrid cars, vehicles using biofuel and natural gas (collectively is a green car) in Vietnam. Specifically, components imported for the production of &#39;green cars&#39; are entitled to a 0% tax, and at the same time, apply to companies that manufacture components and spare parts, instead of just confined to automobile manufacturers such as before. According to the statistics of the Vietnam Association of Motorcycle Manufacturers (VAMM), the two-wheeled market in Vietnam is still dominated by gasoline cars, when the number of these vehicles accounts for nearly 95% of the total volume. bicycle. However, in recent years there has been a shift with a significant increase in motorbikes and electric bicycles. The number of motorcycles and electric bicycles in Vietnam as of 2019 is about 5 million units. Compared to regional countries such as China, Taiwan or Japan, electric cars in Vietnam appeared later. In the 2010 period, most of the electric cars (bicycles, electric motorbikes) appearing in Vietnam came from China, with diversified designs but not outstanding brands, and unregulated quality.</p>\r\n\r\n<p style=\"text-align: justify;\">However, the appearance of VinFast Klara in 2018 is a big push into the electric motorcycle industry in Vietnam. The car company also inaugurated a 6.4-hectare factory with a capacity of 250,000 vehicles / year and plans to build several tens of thousands of charging stations, renting batteries to complete the electric vehicle ecosystem, confirming the trend of using vehicles. Two-wheel electric replacement for vehicles fitted with internal combustion engines in Vietnam.</p>\r\n\r\n<p style=\"text-align: justify;\">Along with that, other car manufacturers also massively entered this &lsquo;fertile&rsquo; market. Some car manufacturers in the world such as YADEA have also docked to the Vietnamese market with many models; Korean MBI group with DKBike; PEGA also launched Pega-S products to &#39;match&#39; with high-end scooter models, ...</p>\r\n\r\n<p style=\"text-align: justify;\"><strong>What are the benefits of electric cars?</strong></p>\r\n\r\n<p style=\"text-align: justify;\">Commenting on the potential of electric vehicles in the Vietnamese market, Mr. Nguyen The Hiep, Sales Manager of YADEA Vietnam, said that the increasing popularity of cars is an opportunity for the 2-wheel electric vehicle industry in Vietnam to thrive. strong. Once consumers already own a car, they will need to add small, lightweight and convenient vehicles to get close to electric motorcycles and electric bicycles.</p>\r\n\r\n<p style=\"text-align: justify;\"><img alt=\"221020.3.jpg\" src=\"http://www.vr.org.vn/contents/News/PublishingImages/Lists/News/AllItems/221020.3.jpg?RenditionID=10\" /></p>\r\n\r\n<p style=\"text-align: justify;\">Electric car is now a means of gradually becoming popular with Vietnamese consumers.</p>\r\n\r\n<p style=\"text-align: justify;\">If we talk about the benefits of electric cars compared to cars using internal combustion engines, the most intuitive is the ability to save costs. Electric vehicles have significantly lower operating costs compared to traditional vehicles using internal combustion engines, including both fuel and repair costs.</p>\r\n\r\n<p style=\"text-align: justify;\">Consumer Reports Consumer Reports (CR) of the US has just announced that popular electric cars can help users save an average of about $ 6,000-15,000 after about 320,000 km of travel compared to gasoline cars. oil with the same size and segment.</p>\r\n\r\n<p style=\"text-align: justify;\">In addition to the cost benefit, there is a significant limitation when using an electric vehicle, which is the issue of capacity and cost of the battery / battery, charging time, charging station and waste disposal to protect the environment. .</p>\r\n\r\n<p style=\"text-align: justify;\">While regulators work hard to devise technology innovation and policies that facilitate electric vehicle development, users are concerned about whether the car&#39;s battery / battery can travel its desired journey. they or not, and the time it takes for the battery to be charged is enough to go on the next journey.</p>\r\n\r\n<p style=\"text-align: justify;\">Overcoming the above obstacles, many electric car manufacturers have focused on building technological innovations to create maximum conditions for the development of electric vehicles in countries and around the world.</p>\r\n\r\n<p style=\"text-align: justify;\">For the motorcycle group, YADEA has just announced that with the use of a new Graphene battery, the total operating cost when using their vehicle is less than 4 million VND after 5 years of use.</p>\r\n\r\n<p style=\"text-align: justify;\">In addition, the Lithium-ion batteries developed by VinFast and LG Chem on Vietnamese electric vehicles also offer similar savings with fast charging and long distances up to 80km for one&nbsp;time charging.</p>\r\n\r\n<p style=\"text-align: justify;\"><img alt=\"221020.4.jpg\" src=\"http://www.vr.org.vn/contents/News/PublishingImages/Lists/News/AllItems/221020.4.jpg?RenditionID=10\" /></p>\r\n\r\n<p>Improving the battery quality of electric vehicle products is a big step for users to put their faith in this model.</p>\r\n\r\n<p style=\"text-align: justify;\">Not only being a green vehicle to improve the living environment, electric cars also have its own appeal in the integration of a series of new control technologies, adding additional conveniences to the driver.</p>\r\n\r\n<p style=\"text-align: justify;\">While traditional motorcycles have only integrated smartkey, the &#39;top&#39; electric motorcycle models such as YADEA G5, VinFast Klara S pioneered the integration of eSIM, Bluetooh, GPS and many sensors on the body of the vehicle for planning. position, lock the vehicle, check the vehicle&#39;s status right on the smartphone, ...</p>\r\n\r\n<p style=\"text-align: justify;\">In addition, when using an electric motorcycle, users can also take off the burden of product maintenance and maintenance. Electric vehicle equipment and accessories are also somewhat simpler and easier to change.</p>\r\n\r\n<p style=\"text-align: justify;\">&#39;The electric vehicle market in Vietnam currently needs a lot of time to gain market share, starting with the fact that electric car brands have to think about focusing on product and service quality instead of just racing. according to the selling price. When this is achieved, electric cars will become a perfect alternative to gasoline cars, &#39;&#39; said Hiep.</p>',	'2020-09-21 09:20:40',	'2020-11-16 03:00:39'),
(3,	1,	'cn',	'电动车市场将在未来大举推广',	'随着一系列传统汽车制造商宣布将很快淘汰内燃机并转向电动车的开展，分析人士认为，电动摩托车和电动汽车的时代将在未来发展。',	'<p style=\"text-align: justify;\">在过去的几个世纪中，内燃机一直发挥着重要作用，尤其是在车辆的开发中。随着社会经济的发展，车辆数量的迅速增加也在增加，使各国面临着环境污染，能源需求方面的巨大挑战。金额...</p>\r\n\r\n<p style=\"text-align: justify;\">在这种情况下，世界各国进行了许多应用研究，以减少对化石燃料的依赖，减少环境污染并减少温室气体排放。在运输领域，应用节能技术替代汽油有许多明显的趋势，尤其是电动汽车在世界许多国家受到关注和发展。</p>\r\n\r\n<p style=\"text-align: justify;\">&nbsp;</p>\r\n\r\n<p style=\"text-align: justify;\"><strong>&ldquo;大人物&rdquo;已经&ldquo;转变&rdquo;了</strong></p>\r\n\r\n<p style=\"text-align: justify;\">根据国际能源署（IEA）的统计，2010年，全球仅流通17,000辆电动汽车。到2019年，这一数字已上升至720万辆，其中中国是电动汽车在全球销量最大的国家（占47％），原因是该国减少了能源进口，清洁城市空气质量，建设国内汽车产业。</p>\r\n\r\n<p style=\"text-align: justify;\">特斯拉不是世界上销量或收入最高的汽车制造商，仍然是电动车品牌和最有价值的汽车公司中谈论最多的公司。最近，沃尔沃还宣布XC90可能是其最后一辆内燃机汽车，到2025年，其一半的产品将使用电机销售。梅赛德斯-奔驰还宣布从2019年起停止开发新的内燃机。</p>\r\n\r\n<p style=\"text-align: justify;\">各国政府也并非没有脱离&ldquo;绿色革命&rdquo;。法国和英国发誓要在2040年之前终止使用内燃机的汽车的销售。</p>\r\n\r\n<p style=\"text-align: justify;\">在越南，空气污染状况已发出警告，政府已要求交通部研究解决方案，以加强对汽车和摩托车的排放控制。</p>\r\n\r\n<p style=\"text-align: justify;\">实际上，最近有一个大型高科技电动客车项目获得了正式许可，并将于2020年在河内，胡志明市和富国投入运营。大城市还拥有许多由企业驾驶的电动车公共电池充电站。</p>\r\n\r\n<p style=\"text-align: justify;\"><img alt=\"\" src=\"http://www.vr.org.vn/PublishingImages/211020.1.jpg?RenditionID=10\" /></p>\r\n\r\n<p style=\"text-align: justify;\">VinFast的电动公交车已经准备好在该国主要城市进行测试。</p>\r\n\r\n<p style=\"text-align: justify;\">此外，自2020年7月10日起生效的第57/2020号法令为吸引企业投资生产电动车，混合动力车，使用生物燃料和天然气的汽车（统称是越南的绿色汽车）。具体而言，为生产&ldquo;绿色车&rdquo;而进口的零部件应缴纳0％的税，同时适用于制造零部件的公司，而不仅像之前限于汽车制造商。</p>\r\n\r\n<pre style=\"text-align: justify;\">\r\n根据越南摩托车制造商协会（VAMM）的统计，越南的两轮车市场仍以汽油车为主导，而这类车的数量几乎占总销量的95％。自行车。然而，近年来发生了变化，摩托车和电动自行车显着增加。截至2019年，越南的摩托车和电动自行车数量约为500万辆。\r\n\r\n与中国，台湾或日本等区域国家相比，越南的电动汽车出现得较晚。在2010年，越南出现的大多数电动车（自行车，电动摩托车）都来自中国，其设计多样化，但品牌不突出，质量不受监管。</pre>\r\n\r\n<pre style=\"text-align: justify;\">\r\n但是，VinFast Klara在2018年的出现是对越南电动摩托车行业的重大推动。该汽车公司还成立了一个占地6.4公顷的工厂，年产能为25万辆汽车，并计划建造数万个充电站，租用电池以完善电动汽车的生态系统，从而确认了使用汽车的趋势。越南装有内燃机的汽车的两轮电动替换。\r\n\r\n与此同时，其他汽车制造商也大规模进入了这个&ldquo;肥沃&rdquo;的市场。世界上一些汽车制造商（例如YADEA）也已经将许多车型与越南市场对接。韩国MBI集团与DKBike； PEGA还推出了Pega-S产品，以&ldquo;匹配&rdquo;高端踏板车模型，...</pre>\r\n\r\n<pre style=\"text-align: justify;\">\r\n越南YADEA的销售经理Nguyen The Hiep先生在评论越南市场上的电动车潜力时说，汽车的日益普及是越南两轮电动汽车行业蓬勃发展的机会。强大。一旦消费者拥有了汽车，他们将需要增加小型，轻便和方便的车辆以接近电动摩托车和电动自行车。</pre>\r\n\r\n<p style=\"text-align: justify;\"><img alt=\"221020.3.jpg\" src=\"http://www.vr.org.vn/contents/News/PublishingImages/Lists/News/AllItems/221020.3.jpg?RenditionID=10\" /></p>\r\n\r\n<pre style=\"text-align: justify;\">\r\n电动车现已成为逐渐受到越南消费者欢迎的一种交通工具。</pre>\r\n\r\n<p style=\"text-align: justify;\">&nbsp;</p>\r\n\r\n<p style=\"text-align: justify;\">如果我们谈论电动车与使用内燃机的汽车相比的优势，那么最直观的就是节省成本的能力。与传统的使用内燃机的车辆相比，电动车辆的运行成本大大降低，包括燃料和维修成本。</p>\r\n\r\n<pre style=\"text-align: justify;\">\r\n消费者报告美国消费者报告（CR）刚刚宣布，与汽油汽车相比，流行的电动车在行驶约320,000公里后，可以帮助用户平均节省约6,000-15,000美元。尺寸和线段相同的机油。\r\n\r\n除了成本效益外，在使用电动汽车时还存在很大的局限性，这是电池/电池的容量和成本，充电时间，充电站和废物处置以保护环境的问题。</pre>\r\n\r\n<pre style=\"text-align: justify;\">\r\n在监管机构努力制定有助于电动汽车发展的技术创新和政策的同时，用户担心汽车的电池是否可以行驶所需的行程。不论是否充电，等待电池充电的时间足以进行下一次旅程。\r\n\r\n克服上述障碍，许多电动车制造商已集中精力进行技术创新，为各国和世界各地的电动车发展创造最大条件。\r\n\r\n对于摩托车集团，YADEA刚刚宣布，通过使用新的石墨烯电池，使用5年后其车辆的总运营成本不到400万越南盾。</pre>\r\n\r\n<pre style=\"text-align: justify;\">\r\n此外，VinFast和LG Chem在越南电动汽车上开发的锂离子电池还具有类似的节省功能，可以快速充电，并且可以远距离行驶80公里在1次充电内。</pre>\r\n\r\n<p style=\"text-align: justify;\"><img alt=\"221020.4.jpg\" src=\"http://www.vr.org.vn/contents/News/PublishingImages/Lists/News/AllItems/221020.4.jpg?RenditionID=10\" /></p>\r\n\r\n<pre style=\"text-align: justify;\">\r\n改善电动车产品的电池质量是用户对这种模型充满信心的重要一步。</pre>\r\n\r\n<pre style=\"text-align: justify;\">\r\n电动车不仅是改善居住环境的绿色汽车，而且在整合一系列新的控制技术方面也具有自己的吸引力，从而为驾驶员增加了更多便利。\r\n\r\n尽管传统摩托车只集成了smartkey，但&ldquo;顶级&rdquo;电动摩托车模型（例如YADEA G5，VinFast Klara S）率先将eSIM，Bluetooh，GPS和许多传感器集成到车身上进行规划。位置，锁定车辆，直接在智能手机上检查车辆的状态，...\r\n\r\n另外，在使用电动摩托车时，用户还可以减轻产品维护和维护的负担。电动车的零件和设备也更简单，更容易更换。\r\n\r\n越南电动车市场目前需要大量时间来获得市场份额，首先是电动车品牌必须考虑专注于产品和服务质量，而不仅仅是竞速。根据售价。一旦实现这一目标，电动车将成为汽油汽车的完美替代品。</pre>',	'2020-09-21 09:20:40',	'2020-11-16 03:00:39'),
(4,	2,	'vi',	'TÌM HIỂU VỀ NGÀNH CÔNG NGHIỆP HÓA CHẤT VIỆT NAM',	'Đặc điểm của ngành hoá chất công nghiệp là đa đạng về sản phẩm phục vụ cho tất cả các ngành kinh tế kỹ thuật. Từ đó ngành hóa chất công nghiệp này có thể khai thác mọi thế mạnh tài nguyên của đất nước từ khoáng sản, dầu khí tới sản phẩm, phụ phẩm và thậm chí cả phế thải của công nghiệp, nông nghiệp…',	'<p><strong>Ng&agrave;nh h&oacute;a chất c&ocirc;ng nghiệp nước ta vẫn c&ograve;n mới mẻ v&agrave; vẫn chưa đ&aacute;p ứng được nhu cầu nội địa..</strong></p>\r\n\r\n<p>Đặc điểm của ng&agrave;nh&nbsp;<strong>ho&aacute; chất c&ocirc;ng nghiệp</strong>&nbsp;l&agrave; đa đạng về sản phẩm phục vụ cho tất cả c&aacute;c ng&agrave;nh kinh tế kỹ thuật. Từ đ&oacute; ng&agrave;nh h&oacute;a chất c&ocirc;ng nghiệp n&agrave;y c&oacute; thể khai th&aacute;c mọi thế mạnh t&agrave;i nguy&ecirc;n của đất nước từ kho&aacute;ng sản, dầu kh&iacute; tới sản phẩm, phụ phẩm v&agrave; thậm ch&iacute; cả phế thải của c&ocirc;ng nghiệp, n&ocirc;ng nghiệp&hellip; C&ocirc;ng nghiệp ho&aacute; chất đ&oacute;ng vai tr&ograve; cực kỳ quan trọng trong nền kinh tế của một nước. Đ&oacute; l&agrave; một ng&agrave;nh kinh tế &ndash; kỹ thuật chủ lực của đất nước.</p>\r\n\r\n<p>Ng&agrave;nh kinh tế Việt Nam hầu như phụ thuộc v&agrave;o nền n&ocirc;ng nghiệp v&agrave; ng&agrave;nh h&oacute;a chất c&ocirc;ng nghiệp mới xuất hiện. Kết quả l&agrave;, cả nước phải nhập khẩu c&aacute;c h&oacute;a chất n&ocirc;ng nghiệp v&agrave; c&aacute;c sản phẩm h&oacute;a chất kh&aacute;c. Ng&agrave;nh h&oacute;a chất Việt Nam vẫn c&ograve;n trong giai đoạn trứng nước khi chỉ sản xuất c&aacute;c loại h&oacute;a chất cơ bản hạn chế. H&oacute;a chất sử dụng cho ng&agrave;nh c&ocirc;ng nghiệp kh&ocirc;ng đ&aacute;p ứng được nhu cầu nội địa v&agrave; chỉ đủ d&ugrave;ng cho sản xuất thuốc trừ s&acirc;u v&agrave; c&aacute;c loại sản phẩm cơ bản kh&aacute;c. Ngo&agrave;i ra, trong nước kh&ocirc;ng sản xuất h&oacute;a chất tinh khiết v&agrave; đặc biệt. Về mặt h&oacute;a chất, mỗi năm c&oacute; khoảng từ 70% nhu cầu u r&ecirc; được nhập khẩu trong khi amoni phosphate nhập khẩu 100%.</p>\r\n\r\n<p>C&ocirc;ng nghệ sản xuất h&oacute;a chất của Việt Nam bị xem l&agrave; lạc hậu so s&aacute;nh với cả thế giới n&oacute;i chung. Sản phẩm h&oacute;a chất c&oacute; hiệu suất &iacute;t cạnh tranh hơn với c&aacute;c nước trong c&ugrave;ng khu vực v&agrave; Việt Nam &iacute;t c&oacute; nhận thức cao về rủi ro h&oacute;a học. Điều đ&oacute; dẫn đến việc mất m&aacute;t c&aacute;c t&agrave;i nguy&ecirc;n thi&ecirc;n nhi&ecirc;n v&agrave; cả nước cũng đối mặt với vấn đề 6 nhiễm m&ocirc;i trường nghi&ecirc;m trọng. Hiện tại, thị trường h&oacute;a chất n&ocirc;ng nghiệp Việt Nam chiếm chừng 0.5% thị trường quốc tế.<br />\r\n&nbsp;</p>\r\n\r\n<p>Ng&agrave;nh&nbsp;c&ocirc;ng nghiệp h&oacute;a chất Việt Nam&nbsp;đang vươn m&igrave;nh lớn mạnh với tỉ lệ tăng trưởng mỗi năm 12%, trở th&agrave;nh một trong những ng&agrave;nh kinh tế trọng điểm v&agrave; được ưu ti&ecirc;n để đ&aacute;p ứng c&aacute;c nhu cầu cho c&aacute;c ng&agrave;nh c&ocirc;ng nghiệp kh&aacute;c v&agrave; nền kinh tế n&oacute;i chung. Sản xuất chất tẩy rửa v&agrave; mỹ phẩm đang được mở rộng nhanh ch&oacute;ng ở Việt Nam. Những c&ocirc;ng ty Việt Nam như NET, LIX, Daso v&agrave; c&aacute;c li&ecirc;n doanh cũng như c&aacute;c c&ocirc;ng ty với 100% vốn nước ngo&agrave;i chẳng hạn Lever Việt Nam, P&amp;G cung đ&atilde; mang lại cho người ti&ecirc;u d&ugrave;ng c&aacute;c sản phẩm mới chất lượng v&agrave; mẫu m&atilde; đẹp. Việc sản xuất sơn v&agrave; c&aacute;c sản phẩm cao su cũng tăng l&agrave; kết quả của c&aacute;c c&ocirc;ng ty như Đ&ocirc;ng &Aacute;, Đồng Nai v&agrave; Casumina.</p>\r\n\r\n<p><br />\r\n<img alt=\"hoachattimhieuvenganhhoachatcongnghiepvietnam\" src=\"http://hoachatvietnhat.com/files/assets/news/hoachattimhieuvenganhhoachatcongnghiepvietnam.jpg\" /></p>\r\n\r\n<p><strong>Ng&agrave;nh c&ocirc;ng nghiệp h&oacute;a chất</strong>&nbsp;rất quan trọng cho sự ph&aacute;t triển của những ng&agrave;nh c&ocirc;ng nghiệp kh&aacute;c. Theo Nghị quyết 207/2005/QD-TTg, Thủ tướng đ&atilde; ph&ecirc; duyệt kế hoạch ph&aacute;t triển ng&agrave;nh h&oacute;a chất đến 2010 v&agrave; ph&aacute;t triển tận 2020. Theo quyết định n&agrave;y, ng&agrave;nh c&ocirc;ng nghiệp h&oacute;a chất được xem l&agrave; một trong những ng&agrave;nh then chốt v&agrave; được ưu ti&ecirc;n. V&igrave; thế, tất cả c&aacute;c nguồn lực trong v&agrave; ngo&agrave;i nước sẽ tập trung v&agrave;o to&agrave;n diện ng&agrave;nh h&oacute;a chất, bao gồm c&aacute;c lĩnh vực chủ yếu như ph&acirc;n b&oacute;n, cao su th&ocirc;ng dụng v&agrave; chuy&ecirc;n dụng, h&oacute;a chất cơ bản (bao gồm h&oacute;a chất hữu cơ v&agrave; v&ocirc; cơ), h&oacute;a dầu, h&oacute;a chất tinh khiết, h&oacute;a dượng v&agrave; h&oacute;a chất ti&ecirc;u d&ugrave;ng để đ&aacute;p ứng nhu cầu nội địa v&agrave; y&ecirc;u cầu hội nhập kinh tế khu vực v&agrave; cả thế giới.</p>\r\n\r\n<p>Th&ecirc;m v&agrave;o đ&oacute;, kế hoạch đ&atilde; khuyến kh&iacute;ch việc &aacute;p dụng c&ocirc;ng nghệ hiện đại cho sản phẩm h&oacute;a chất chất lượng cao với gi&aacute; cả cạnh tranh v&agrave; giảm thiểu c&aacute;c t&aacute;c động bất lợi của việc sản xuất h&oacute;a chất l&ecirc;n m&ocirc;i trường. Ngo&agrave;i ra, kế hoạch ph&aacute;t triển cũng phải đi đ&ocirc;i với việc chuyển đổi cơ cấu ng&agrave;nh c&ocirc;ng nghiệp v&agrave; kinh tế n&oacute;i chung.</p>',	'2020-09-21 09:22:06',	'2020-11-18 09:40:19'),
(5,	2,	'en',	'LEARN ABOUT VIETNAM INDUSTRIAL CHEMICAL INDUSTRY',	'The characteristic of the industrial chemical industry is the variety of products serving all economic and technical branches. From there, this industrial chemical industry can exploit all strengths of the country\'s resources from minerals, oil and gas to products, by-products and even waste from industry, agriculture ...',	'<p>Our country&#39;s industrial chemical industry is still new and has not yet met the domestic demand ..</p>\r\n\r\n<p>The characteristic of the industrial chemical industry is the variety of products serving all economic and technical branches. From there, this industrial chemical industry can exploit all strengths of the country&#39;s resources from minerals, oil and gas to products, by-products and even waste from industry, agriculture ... extremely important role in a country&#39;s economy. It is the main economic and technical branch of the country.</p>\r\n\r\n<p>Vietnam&#39;s economic sector is largely dependent on agriculture and the newly emerging industrial chemical industry. As a result, the country has to import agricultural chemicals and other chemical products. The Vietnamese chemical industry is still in its infancy when it produces only limited basic chemicals. Chemicals for industrial use do not meet domestic demand and are only enough for the manufacture of pesticides and other basic products. In addition, pure and special chemicals are not produced domestically. In terms of chemicals, each year about 70% of the urea demand is imported while ammonium phosphate is 100% imported.</p>\r\n\r\n<p>Vietnam&#39;s chemical production technology is considered backward compared to the world in general. Chemical products have less competitive performance with other countries in the same region and Vietnam is less aware of chemical risks. That leads to the loss of natural resources and the country also faces the problem of 6 serious environmental contamination. Currently, Vietnam&#39;s agrochemical market accounts for about 0.5% of the international market.</p>\r\n\r\n<p>&nbsp;</p>\r\n\r\n<p>&nbsp;</p>\r\n\r\n<p>Vietnam&#39;s chemical industry is growing strongly with the annual growth rate of 12%, becoming one of the key economic sectors and prioritized to meet the needs of other industries and industries. economy in general. Production of detergents and cosmetics is expanding rapidly in Vietnam. Vietnamese companies such as NET, LIX, Daso and joint ventures as well as companies with 100% foreign capital such as Lever Vietnam, P&amp;G have provided consumers with quality new products and designs. pretty. The production of paints and rubber products also increased as a result of companies such as Dong A, Dong Nai and Casumina.</p>\r\n\r\n<p><br />\r\n<img alt=\"hoachattimhieuvenganhhoachatcongnghiepvietnam\" src=\"http://hoachatvietnhat.com/files/assets/news/hoachattimhieuvenganhhoachatcongnghiepvietnam.jpg\" /></p>\r\n\r\n<p>&nbsp;</p>\r\n\r\n<p>The chemical industry is crucial to the growth of other industries. According to Resolution 207/2005 / QD-TTg, the Prime Minister approved a plan to develop the chemical industry until 2010 and develop until 2020. According to this decision, the chemical industry is considered one of the key industries. and be given priority. Therefore, all domestic and foreign resources will focus on the entire chemical industry, including key areas such as fertilizers, general and specialized rubber, and basic chemicals (including chemicals). organic and inorganic), petrochemical, pure chemicals, chemical and consumer chemicals to meet domestic demand and requirements of regional and global economic integration.</p>\r\n\r\n<p>In addition, the plan encouraged the application of modern technology for high quality chemical products at competitive prices and minimized the adverse effects of chemical production on the environment. In addition, the development plan must go hand in hand with the transformation of the industrial structure and the economy in general.</p>',	'2020-09-21 09:22:06',	'2020-11-18 09:40:19'),
(6,	2,	'cn',	'了解越南的工业化工行业',	'工业化工行业的特征是为所有经济和技术工业服务的多样化产品。 从那里，这个工业化学工业可以利用该国的所有资源，从矿产，石油和天然气到产品，副产品，甚至是来自工业，农业的废料……',	'<p>我国的工业化工行业还很新，尚未满足国内需求。</p>\r\n\r\n<p>工业化工行业的特点是为所有经济和技术部门提供多种产品。从那里，这个工业化学工业可以利用该国的所有资源，从矿产，石油和天然气到产品，副产品，甚至是来自工业，农业的废物...在一个国家的经济中发挥着极其重要的作用。它是该国的主要经济和技术分支。</p>\r\n\r\n<p>越南的经济部门在很大程度上取决于农业和新兴的工业化工行业。结果，该国不得不进口农药和其他化学产品。越南化工行业仅生产有限的基本化学物质仍处于起步阶段。工业用化学药品无法满足国内需求，仅足以制造农药和其他基本产品。此外，该国不生产纯净和特殊化学品。在化学品方面，每年约有70％的尿素需求是进口的，而磷酸铵则是100％的进口。</p>\r\n\r\n<p>总体而言，越南的化学生产技术被认为落后于世界。化学产品与该地区其他国家的竞争表现较差，越南对化学风险的了解也较少。这导致自然资源的流失，该国还面临着六种严重环境污染的问题。目前，越南的农药市场约占国际市场的0.5％。</p>\r\n\r\n<p>越南的化学工业以每年12％的速度快速增长，已成为关键的经济部门之一，并且优先满足其他工业和工业的需求。一般经济。越南洗涤剂和化妆品的生产正在迅速扩大。 NET，LIX，Daso和合资企业等越南公司，以及Lever Vietnam，P＆G等拥有100％外资的公司为消费者提供了优质的新产品和设计。漂亮。由于Dong A，Dong Nai和Casumina等公司的影响，油漆和橡胶产品的产量也有所增加。</p>\r\n\r\n<p><br />\r\n<img alt=\"hoachattimhieuvenganhhoachatcongnghiepvietnam\" src=\"http://hoachatvietnhat.com/files/assets/news/hoachattimhieuvenganhhoachatcongnghiepvietnam.jpg\" /></p>\r\n\r\n<p>&nbsp;</p>\r\n\r\n<p>化工行业对其他行业的增长至关重要。根据第207/2005号决议/ QD-TTg，总理批准了一项计划，在2010年之前发展化学工业，并在2020年之前发展。根据该决定，化学工业被视为关键产业之一。并享有优先权。因此，所有国内外资源都将集中在整个化学工业上，包括肥料，通用橡胶和特种橡胶以及基础化学品（包括化学品）等关键领域。有机和无机），石油化工，纯化工，化工和消费化学品，以满足国内需求以及区域和全球经济一体化的要求。</p>\r\n\r\n<p>&nbsp;</p>\r\n\r\n<p>此外，该计划鼓励以有竞争力的价格将现代技术应用于高质量的化学产品，并最大程度地减少化学生产对环境的不利影响。此外，发展计划必须与产业结构和总体经济的转型齐头并进。</p>',	'2020-09-21 09:22:06',	'2020-11-18 09:40:19'),
(7,	3,	'vi',	'CHẤT PHỤ GIA DÙNG CHO SƠN NỘI THẤT VÀ NGOẠI THẤT MÀ BẠN NÊN BIẾT',	'Sơn nước ngoài 3 thành phần chính của sơn là chất tạo màng, dung môi và bột màu, trong sơn còn chứa một số nguyên liệu khác với tỉ lệ rất nhỏ (thường ≤ 1%) gọi là các chất phụ gia cho sơn.',	'<p>Sơn nước ngo&agrave;i 3 th&agrave;nh phần ch&iacute;nh của sơn l&agrave; chất tạo m&agrave;ng, dung m&ocirc;i v&agrave; bột m&agrave;u, trong sơn c&ograve;n chứa một số nguy&ecirc;n liệu kh&aacute;c với tỉ lệ rất nhỏ (thường &le; 1%) gọi l&agrave; c&aacute;c chất phụ gia cho sơn.</p>\r\n\r\n<p>C&aacute;c chất phụ gia n&agrave;y c&oacute; ảnh hưởng t&iacute;ch cực đến<strong>&nbsp;chất lượng m&agrave;ng sơn</strong>.</p>\r\n\r\n<p>C&aacute;c chất phụ gia trong sơn thường rất kh&oacute; x&aacute;c định th&agrave;nh phần h&oacute;a học một c&aacute;ch r&otilde; r&agrave;ng như chất tạo m&agrave;ng, dung m&ocirc;i, bột m&agrave;u, n&ecirc;n thường ph&acirc;n loại ch&uacute;ng theo chức năng, mục đ&iacute;ch sử dụng để cải thiện t&iacute;nh chất của sơn. V&iacute; dụ: ph&aacute; bọt, ph&acirc;n t&aacute;n van thấm ướt bột m&agrave;u, chống lắng, chống nhăn, chống tia tử ngoại, chống r&ecirc;u mốc, chống thối, v.v&hellip;</p>\r\n\r\n<p>Trong sản xuất sơn thường ph&acirc;n loại c&aacute;c chất phụ gia th&agrave;nh nh&oacute;m như sau:</p>\r\n\r\n<p><strong>&nbsp;C&aacute;c chất phụ gia th&ocirc;ng&nbsp;dụng được sử dụng phổ biến trong hầu hết c&aacute;c loại sơn, đ&oacute; l&agrave;:</strong></p>\r\n\r\n<p><em><strong>&ndash; Chất ph&aacute; bọt (Defoamer: ph&aacute; bọt lớn khi sản xuất)(Deaerator: ph&aacute; bọt nhỏ khi thi c&ocirc;ng)</strong></em></p>\r\n\r\n<p>Defoamer v&agrave; Deaerator được gọi chung l&agrave; chất ph&aacute; bọt. Trong thực tế kh&oacute; c&oacute; thể x&aacute;c định một c&aacute;ch ch&iacute;nh x&aacute;c hiệu quả của một<em><strong>&nbsp;chất phụ gia</strong></em>&nbsp;sử dụng l&agrave; defoamer hay deaerator.</p>\r\n\r\n<p>Để đơn giản h&oacute;a kh&aacute;i niệm, bản chất của bọt ướt (wet foam) sinh ra trong qu&aacute; tr&igrave;nh sản xuất sơn l&agrave; loại bọt lớn (macro foam) phổ biến khi&nbsp;<strong>sản xuất sơn</strong>&nbsp;v&agrave; mực c&ocirc;ng nghiệp gốc nước (waterbased) v&agrave; bản chất của bọt kh&ocirc; (dry foam) sinh ra trong qu&aacute; tr&igrave;nh thi c&ocirc;ng sơn phổ biến bằng cọ qu&eacute;t, con lăn l&agrave; loại bọt rất nhỏ (microfoam).</p>\r\n\r\n<p>Cả 2 loại bọt Macro v&agrave; Micro đều g&acirc;y ảnh hưởng nghi&ecirc;m trọng đến&nbsp;<em><strong>chất lượng của m&agrave;ng sơ</strong></em><strong>n</strong>&nbsp;do bị sần s&ugrave;i da cam, bị lồi l&otilde;m, lỗ đinh tr&ecirc;n mặt sơn kh&ocirc;. Defoamer d&ugrave;ng để ph&aacute; bọt macro. Deaerator d&ugrave;ng để ph&aacute; bọt micro. Defoamer v&agrave; Deaerator chủ yếu được cho v&agrave;o sơn trong qu&aacute; trinh nghiền sơn v&agrave; l&agrave; những th&agrave;nh phần kh&ocirc;ng thể thiếu khi x&acirc;y dựng c&ocirc;ng thức sơn&hellip;</p>\r\n\r\n<p><em><strong>&ndash; Chất lưu biến (Rheology)</strong></em></p>\r\n\r\n<p>T&iacute;nh chất lưu biến tức l&agrave; t&iacute;nh chất d&ograve;ng chảy của sơn lỏng van t&iacute;nh chất chảy d&agrave;n trải tr&ecirc;n m&agrave;ng sơn khi thi c&ocirc;ng. Kiểm so&aacute;t độ lưu biến của sơn l&agrave; rất cần thiết cho việc sử dụng th&agrave;nh c&ocirc;ng sản phẩm trong thực tế thi c&ocirc;ng sơn.</p>\r\n\r\n<p>Như vậy, c&aacute;c t&iacute;nh chất van điều kiện thi c&ocirc;ng sơn phụ thuộc chủ yếu v&agrave;o việc kiểm so&aacute;t độ lưu biến theo &yacute; muốn bằng c&aacute;ch d&ugrave;ng c&aacute;c chất phụ gia lưu biến (Rheological Additives). Do bản chất kh&aacute;c nhau của c&aacute;c th&agrave;nh phần cấu tạo sơn nước v&agrave; sơn gốc dung m&ocirc;i, c&aacute;c chất phụ gia lưu biến cũng được chọn lựa sử dụng kh&aacute;c nhau cho 2 loại sơn n&agrave;y</p>\r\n\r\n<p><em><strong>&ndash; Chất hoạt động bề mặt (Surfactant)</strong></em></p>\r\n\r\n<p>Th&ocirc;ng thường, bề mặt m&agrave;ng sơn trong v&agrave; sau khi thi c&ocirc;ng c&oacute; nhiều khiếm khuyết (defects) l&agrave;m bất lợi cho chất lượng sơn trang tr&iacute; v&agrave; bảo vệ của sơn.C&aacute;c khiếm khuyết đ&oacute; l&agrave;:</p>\r\n\r\n<p>&ndash; Kh&ocirc;ng thấm ướt tốt với bề mặt vật sơn.</p>\r\n\r\n<p>&ndash; Tạo hố lồi l&otilde;m.</p>\r\n\r\n<p>&ndash; Tạo vết m&agrave;u loang lổ kh&ocirc;ng đồng đều (kiểu cấu tr&uacute;c tổ ong tế b&agrave;o Benard).</p>\r\n\r\n<p>&ndash; Kh&ocirc;ng d&agrave;n trải tốt tạo độ sần s&ugrave;i da cam.</p>\r\n\r\n<p>&ndash; Nhạy cảm bắt bụi l&agrave;m mờ m&agrave;ng sơn, v.v&hellip;</p>\r\n\r\n<p>Nguy&ecirc;n nh&acirc;n chủ yếu g&acirc;y ra c&aacute;c khiếm khuyết bề mặt sơn n&oacute;i tr&ecirc;n l&agrave; do sức căng bề mặt kh&aacute;c nhau của c&aacute;c th&agrave;nh phần nguy&ecirc;n liệu kh&aacute;c nhau c&oacute; trong sơn (chủ yếu l&agrave; độ bay hơi của dung m&ocirc;i hoặc phản ứng kết mạng của sơn 2 th&agrave;nh phần A/B) hoặc do yếu tố thi c&ocirc;ng sơn như phun qu&aacute; mạnh, c&aacute;c hạt bụi bẩn c&oacute; trong kh&ocirc;ng kh&iacute;, bề mặt vật sơn kh&ocirc;ng sạch, v.v&hellip;</p>\r\n\r\n<p>Muốn ngăn ngừa c&aacute;c khiếm khuyết do sức căng bề mặt phải dung&nbsp;<em><strong>chất phụ gia</strong>&nbsp;</em>hoạt động bề mặt. Về cơ bản sử dụng 2 loại chất phụ gia gốc Polysiloxane hoặc Polyacrylate l&agrave; chất phụ gia hoạt động bề mặt.</p>\r\n\r\n<p><em><strong>&ndash; Chất thấm ướt v&agrave; ph&acirc;n t&aacute;n (Wetting &amp; Dispersing)</strong></em></p>\r\n\r\n<p>Sự ph&acirc;n bố đồng đều c&aacute;c hạt bột m&agrave;u thể rắn trong dung dịch chất tạo m&agrave;ng sơn l&agrave; yếu tố quan trọng nhất trong qu&aacute; tr&igrave;nh sản xuất sơn m&agrave;u.</p>\r\n\r\n<p>Qu&aacute; tr&igrave;nh ph&acirc;n t&aacute;n bột m&agrave;u trong qu&aacute; tr&igrave;nh sản xuất sơn m&agrave;u chia th&agrave;nh 3 giai đoạn kh&aacute;c nhau l&agrave;: thấm ướt, nghiền v&agrave; ổn định. Nếu qu&aacute; tr&igrave;nh ph&acirc;n t&aacute;n 3 giai đoạn n&agrave;y kh&ocirc;ng thực hiện tốt th&igrave; h&agrave;ng loạt khiếm khuyết của sơn v&agrave; m&agrave;ng sơn thi c&ocirc;ng c&oacute; thể xảy ra, đ&oacute; l&agrave;:</p>\r\n\r\n<p> Sự keo tụ bột m&agrave;u.</p>\r\n\r\n<p> Giảm độ b&oacute;ng.</p>\r\n\r\n<p> Kh&ocirc;ng bền m&agrave;u</p>\r\n\r\n<p> Loang lổ v&agrave; t&aacute;ch m&agrave;u</p>\r\n\r\n<p> Hiện tượng cấu tr&uacute;c tổ ong Benard Cells</p>\r\n\r\n<p> Đ&oacute;ng lắng</p>\r\n\r\n<p> K&eacute;m trơn l&aacute;ng bề mặt sơn</p>\r\n\r\n<p><em><strong>&ndash; Chất chống lắng</strong></em></p>\r\n\r\n<p>Đối với hệ sơn gốc dung m&ocirc;i, chống lắng l&agrave; vấn đề cần quan t&acirc;m, v&igrave; việc d&ugrave;ng c&aacute;c chất ph&acirc;n t&aacute;n v&agrave; chống kết tụ bột m&agrave;u thường kh&ocirc;ng th&iacute;ch hợp cho việc chống lắng nếu kh&ocirc;ng chọn lựa cẩn thận.</p>\r\n\r\n<p>Đối với hệ sơn nước Latex, chống lắng kh&ocirc;ng phải l&agrave; vấn đề kh&oacute; giải quyết v&igrave; thường sử dụng c&aacute;c chất l&agrave;m đặc tạo hệ keo lơ lửng trong dung m&ocirc;i nước. C&aacute;c chất chống lắng được d&ugrave;ng phổ biến l&agrave;:</p>\r\n\r\n<p>&ndash; Alunimium Stearate.</p>\r\n\r\n<p>&ndash; Soya Lecithin</p>\r\n\r\n<p>&ndash; Bentone</p>\r\n\r\n<p>&ndash; Aerosil</p>\r\n\r\n<p>&ndash; Taiga Additives</p>\r\n\r\n<p>&ndash; Bentonite</p>\r\n\r\n<p>&nbsp;</p>',	'2020-09-21 09:23:19',	'2020-11-18 10:20:03'),
(8,	3,	'en',	'Additives used in exterior paints and interior paints that you should know!',	'Foreign paint 3 main components of the paint are film-forming agents, solvents and pigments, in the paint also contains a number of other materials with a very small percentage (usually ≤ 1%) called additives for paint.',	'<p>&nbsp;</p>\r\n\r\n<p>Foreign paint 3 main components of the paint are film-forming agents, solvents and pigments, in the paint also contains a number of other materials with a very small percentage (usually &le; 1%) called additives for paint.</p>\r\n\r\n<p>These additives have a positive effect on the quality of the paint film.</p>\r\n\r\n<p>The additives in the paint are often difficult to determine the chemical composition clearly such as film-forming agents, solvents, pigments, so they are often classified according to their function and purpose to improve the properties of the paint. . For example: breaking foam, dispersing pigment wet valve, anti-deposition, anti-wrinkle, anti-UV, anti-moss, anti-rot, etc.</p>\r\n\r\n<p>In the manufacture of paint, additives are often classified into groups as follows:</p>\r\n\r\n<p>a. Commonly used additives in most paints are:</p>\r\n\r\n<p>- Defoamer (Defoamer: break large foam when producing) (Deaerator: break small foam when applying)</p>\r\n\r\n<p>Defoamer and Deaerator are collectively referred to as defoamer. In practice it is difficult to accurately determine the effectiveness of an additive used as defoamer or deaerator.</p>\r\n\r\n<p>In order to simplify the concept, the nature of the wet foam produced during the manufacture of paint is the macro foam common to the manufacture of waterbased paints and industrial inks and the nature Dry foam produced during common paint application by brush, roller is a very small foam (microfoam).</p>\r\n\r\n<p>Both Macro and Micro foam types seriously affect the quality of the paint film due to the rough orange, protruding, and nail holes on the dry paint surface. Defoamer is used to break macro bubbles. Deaerator used to break the microphone foam. Defoamer and Deaerator are mainly added to paint during the paint grinding process and are indispensable ingredients when building paint recipes ...</p>\r\n\r\n<p>- Rheology&nbsp;</p>\r\n\r\n<p>Rheological properties ie flow properties of liquid paint valve flow properties spread over the paint film during application. Control of paint rheology is essential to the successful use of the product in a practical application.</p>\r\n\r\n<p>Thus, the properties of the paint construction conditionals depend mainly on controlling the desired rheology by using Rheological Additives. Due to the different nature of the composition of waterborne paint and solvent-based paints, rheological additives are also used differently for these two paints.</p>\r\n\r\n<p>- Surfactant</p>\r\n\r\n<p>Usually, the paint film surface during and after application has many defects (defects) that are detrimental to the paint&#39;s decoration and protection quality.</p>\r\n\r\n<p>- Does not wet well with the painted surface.</p>\r\n\r\n<p>- Create concave holes.</p>\r\n\r\n<p>- Creates uneven color stains (Benard honeycomb structure type).</p>\r\n\r\n<p>- Not well spread to create orange roughness.</p>\r\n\r\n<p>- Sensitive to dust, blurring the paint film, etc.</p>\r\n\r\n<p>The main cause of the aforementioned paint surface defects is due to the different surface tension of the different ingredients contained in the paint (mainly solvent volatility or lattice reaction of the paint 2 components A / B) or due to paint application factors such as excessive spray, airborne dust particles, unclean paint surface, etc.</p>\r\n\r\n<p>To prevent surface tension defects, surfactants must be used. Basically 2 types of Polysiloxane or Polyacrylate based additives are used as surfactants.</p>\r\n\r\n<p><em>-</em>Wetting &amp; Dispersing</p>\r\n\r\n<p>The uniform distribution of the solid pigment granules in the paint film-making solution is the most important factor in the coloration process.</p>\r\n\r\n<p>The process of pigment dispersion in the color paint production process is divided into 3 different stages: wetting, grinding and stabilizing. If this 3-stage dispersion process does not perform well, a series of defects of paint and paint film can occur, which are: Pigment flocculation, Reduce gloss, Not color fast, Patchy and color separation, Benard Cells, Honeycomb structure phenomenon, Close sedimentation, Poorly smooth painted surface</p>\r\n\r\n<p>- Anti-sedimentation</p>\r\n\r\n<p>For solvent-based coating systems, anti-deposition is an issue, as the use of pigment dispersants and anti-deposition agents are often not suitable for anti-sedimentation unless carefully selected.</p>\r\n\r\n<p>For the latex coating system, anti-deposition is not a problem to solve because thickeners are often used to create suspended colloids in aqueous solvents. The most commonly used antidepressants are: Alunimium Stearate, Soya Lecithin,&nbsp;Bentone, Aerosil, Taiga Additives, Bentonite.</p>\r\n\r\n<p>&nbsp;</p>\r\n\r\n<pre>\r\n\r\n&nbsp;</pre>\r\n\r\n<p>&nbsp;</p>\r\n\r\n<p>&nbsp;</p>',	'2020-09-21 09:23:19',	'2020-11-18 10:18:46'),
(9,	3,	'cn',	'用于内外墙涂料的助剂',	'内外墙涂料除了3个主要成分是成膜剂，溶剂和颜料外在油漆中还包含许多其他材料，这些材料被称为油漆添加剂的比例很小（通常≤1％）。',	'<pre>\r\n内外墙涂料除了3个主要成分是成膜剂，溶剂和颜料外在油漆中还包含许多其他材料，这些材料被称为油漆添加剂的比例很小（通常&le;1％）。\r\n</pre>\r\n\r\n<p>这些添加剂对漆膜的质量有积极的影响。 涂料中的添加剂通常很难清楚地确定化学成分，例如成膜剂，溶剂，颜料，因此经常根据其功能和目的对它们进行分类，以改善涂料的性能。 。例如：破泡，分散颜料湿阀，抗沉积，抗皱，抗紫外线，抗苔藓，抗腐烂等。</p>\r\n\r\n<pre>\r\n在油漆的制造中，添加剂通常分为以下几类：</pre>\r\n\r\n<pre>\r\n大多数油漆中常用的添加剂是：\r\n\r\n-消泡剂（消泡剂：生产时会破坏大泡沫）（消泡剂：施工时会破坏小泡沫）</pre>\r\n\r\n<pre>\r\n消泡剂和脱气剂统称为消泡剂。实际上，很难准确确定用作消泡剂或脱泡剂的添加剂的有效性。\r\n\r\n为了简化概念，在涂料制造中生产的湿泡沫的性质是制造水性涂料和工业油墨所共有的宏观泡沫，并且该性质用刷子，辊子在普通涂料施加过程中产生的干泡沫是很小的泡沫（微泡沫）。\r\n\r\n宏观和微观泡沫类型都会严重影响漆膜的质量，原因是干漆表面上有粗糙的橙色，凸出和钉孔。消泡剂用于破坏宏观泡沫。脱气器用来破坏麦克风的泡沫。消泡剂和脱气剂主要在油漆研磨过程中添加到油漆中，并且是建立油漆配方时必不可少的成分。</pre>\r\n\r\n<p>- 流变剂：</p>\r\n\r\n<p>流变性质，即液体涂料阀的流动性质，在涂布过程中流过整个涂膜。涂料流变性的控制对于在实际应用中成功使用产品至关重要。 因此，涂料构造条件的性质主要取决于通过使用流变添加剂来控制所需的流变性。由于水性涂料和溶剂型涂料的组成性质不同，因此这两种涂料的流变添加剂的使用也有所不同。</p>\r\n\r\n<p>-&nbsp; 流平剂：</p>\r\n\r\n<p>通常，在涂装过程中和涂装后的漆膜表面存在许多不利于涂料装饰和保护质量的缺陷（缺陷）：不能很好地润湿油漆表面、创建凹孔、产生不均匀的色斑（贝纳德蜂窝结构类型）、不能很好地铺展以产生橙色粗糙度、对灰尘敏感，使漆膜模糊等。</p>\r\n\r\n<pre>\r\n前述油漆表面缺陷的主要原因是由于油漆中所含不同成分的表面张力不同（主要是油漆的溶剂挥发或晶格反应）。 2组分A / B）或由于涂料应用因素，例如过多的喷雾，空气中的灰尘颗粒，不干净的涂料表面等。\r\n\r\n为防止表面张力缺陷，必须使用表面活性剂。基本上将两种类型的基于聚硅氧烷或聚丙烯酸酯的添加剂用作表面活性剂。</pre>\r\n\r\n<p>-湿润剂和分散剂</p>\r\n\r\n<pre>\r\n固体颜料颗粒在涂漆溶液中的均匀分布是着色过程中最重要的因素。\r\n\r\n彩色涂料生产过程中颜料的分散过程分为三个不同的阶段：润湿，研磨和稳定。如果此三阶段分散过程执行不佳，则可能会发生一系列油漆和漆膜缺陷，这些缺陷包括：颜料絮凝、减少光泽、不快速上色、斑点和颜色分离、贝纳德细胞蜂窝结构现象、近距离沉淀 、喷涂表面不光滑</pre>\r\n\r\n<p>-防沉积剂：</p>\r\n\r\n<pre>\r\n对于溶剂型涂料体系，防沉降是一个问题，因为除非特别选择，否则使用颜料分散剂和防结块通常不适合用于防沉降。\r\n\r\n对于乳胶涂料体系，抗沉积不是要解决的问题，因为增稠剂通常用于在水性溶剂中形成悬浮的粘合剂体系。最常用的抗抑郁药是：硬脂酸铝、大豆卵磷脂、Bentone、Aerosil、泰格助剂、膨润土,...</pre>\r\n\r\n<p>&nbsp;</p>',	'2020-09-21 09:23:19',	'2020-11-18 10:18:46'),
(10,	4,	'vi',	'Tuyển dụng Nhân viên Kinh Doanh',	'Tuyển dụng nhân viên kinh doanh (Biết Tiếng Trung là một lợi thế)',	'<h2>M&Ocirc; TẢ C&Ocirc;NG VIỆC</h2>\r\n\r\n<p><strong>Số lượng</strong>: 05<br />\r\n<strong>M&ocirc; tả c&ocirc;ng việc:</strong><br />\r\n- Chăm s&oacute;c kh&aacute;ch h&agrave;ng hiện c&oacute; của C&ocirc;ng ty: lắng nghe, t&igrave;m hiểu nhu cầu của kh&aacute;ch h&agrave;ng, hỗ trợ giải quyết c&aacute;c vấn đề li&ecirc;n quan tới đơn h&agrave;ng v&agrave; qu&aacute; tr&igrave;nh vận chuyển h&agrave;ng h&oacute;a.</p>\r\n\r\n<p>-B&aacute;n s&aacute;t quy tr&igrave;nh kh&aacute;ch h&agrave;ng thử nghiệm sản phẩm, tư vấn về chế độ, quyền lợi bảo h&agrave;nh, bảo dưỡng của C&ocirc;ng ty tới kh&aacute;ch h&agrave;ng.</p>\r\n\r\n<p>-Tạo dựng mối quan hệ, t&igrave;m kiếm kh&aacute;ch h&agrave;ng mới, mở rộng thị trường.</p>\r\n\r\n<p>- B&aacute;o c&aacute;o t&igrave;nh h&igrave;nh chăm s&oacute;c kh&aacute;ch h&agrave;ng, t&igrave;nh trạng đơn h&agrave;ng v&agrave; c&aacute;c vấn đề ph&aacute;t sinh cho quản l&yacute; trực tiếp.</p>\r\n\r\n<p>&nbsp;</p>\r\n\r\n<h2>Y&Ecirc;U CẦU C&Ocirc;NG VIỆC</h2>\r\n\r\n<p>- Tốt nghiệp đại học, cao đẳng, c&aacute;c chuy&ecirc;n ng&agrave;nh c&oacute; li&ecirc;n quan đến h&oacute;a chất ng&agrave;nh sơn, kỹ thuật động cơ xe đạp điện, xe m&aacute;y điện&hellip; ( chưa biết sẽ được đ&agrave;o tạo)<br />\r\n- Biết tiếng Trung, tiếng Anh l&agrave; một lợi thế<br />\r\n-Nhanh nhẹn, kỹ năng giao tiếp v&agrave; khả năng thuyết phục kh&aacute;ch h&agrave;ng tốt</p>\r\n\r\n<p>- Chăm chỉ, chịu kh&oacute; v&agrave; c&oacute; sự cầu tiến trong c&ocirc;ng việc</p>\r\n\r\n<p>&nbsp;</p>\r\n\r\n<p><strong>PH&Uacute;C LỢI:</strong>&nbsp;</p>\r\n\r\n<p>- Lương cố định + Hoa hồng b&aacute;n h&agrave;ng<br />\r\n- Phụ cấp xăng xe, điện thoại, c&ocirc;ng t&aacute;c ph&iacute;.<br />\r\n- Đ&oacute;ng bảo hiểm đầy đủ theo quy định của nh&agrave; nước.<br />\r\n- Nghỉ lễ, tết theo quy định của ph&aacute;p luật</p>\r\n\r\n<p>Mọi chi tiết xin vui l&ograve;ng li&ecirc;n hệ:</p>\r\n\r\n<p>Sđt: 02433542250</p>\r\n\r\n<p>Email: hftchemical@gmail.com<br />\r\nĐịa chỉ : Ph&ograve;ng 1006 T&ograve;a nh&agrave; hỗn hợp S&ocirc;ng Đ&agrave;, số 131 đường Trần Ph&uacute;, phường Văn Qu&aacute;n, quận H&agrave; Đ&ocirc;ng, th&agrave;nh phố H&agrave; Nội.</p>\r\n\r\n<p>&nbsp;</p>',	'2020-09-21 09:25:22',	'2020-11-25 06:12:30'),
(11,	4,	'en',	'Recruiting for Salesman',	'Recruiting sales staff (Knowing Chinese is an advantage)',	'<p><strong>Brief information:</strong></p>\r\n\r\n<p>Recruiting salesman (Chinese speaker preferred)</p>\r\n\r\n<p><strong>Details</strong><strong>: </strong></p>\r\n\r\n<p><strong>Number of vacancy</strong>: 05<br />\r\n<strong>Job Description</strong><strong>:</strong><br />\r\n- Taking care of current customers: listening, understanding the demands of customers, assisting to solve the problems of orders and their delivery.</p>\r\n\r\n<p>- Following closely to the customer trial procedure, consulting customers on guarantee terms and conditions of the company.</p>\r\n\r\n<p>- Building relationships, finding new customers, expanding sales market.</p>\r\n\r\n<p>- Reporting status of customer care, orders and arising problems to the direct upper management.</p>\r\n\r\n<p>- Others given tasks,</p>\r\n\r\n<p><strong>Requirement</strong><strong>:</strong><br />\r\n- Graduated from university, college in areas related to chemicals in paint industry, engines of electric bike/scooter (Training provided if inexperienced)<br />\r\n- Chinese or English speaker preferred<br />\r\n- Good agility, fluent communication skills and confident negotiation skils.</p>\r\n\r\n<p>- Hard-working, patient and progressive.<br />\r\n<br />\r\n<strong>Welfare</strong><strong>:</strong><br />\r\n- Base pay + sales commission<br />\r\n- Allowance expenses for gasoline, telephone, and business trip.<br />\r\n- Social insurance in accordance to State regulations.<br />\r\n- Holidays in accordance to State regulations.<br />\r\nFor more information, please contact:</p>\r\n\r\n<p>Tel:02433542250</p>\r\n\r\n<p>Email: hftchemical@gmail.com<br />\r\nAddress : Room 100, Song Da Complex, 131 Tran Phu Street, Van Quan ward, Ha Dong district, Hanoi, Vietnam</p>',	'2020-09-21 09:25:22',	'2020-12-05 03:15:54'),
(12,	4,	'cn',	'越南H.F.T有限责任公司招聘销售员',	'招聘销售员的岗位（会中文优先）',	'<p><strong>摘要：</strong></p>\r\n\r\n<p>招聘销售员的岗位（会中文是一个优势）</p>\r\n\r\n<p>具体：</p>\r\n\r\n<p>数量：05位</p>\r\n\r\n<p><strong>工作描述：</strong></p>\r\n\r\n<p>-&nbsp;&nbsp;&nbsp;&nbsp;&nbsp; 照顾公司现有的客户：倾听、理解客户的需求，协助办理有关货物订单及运输过等问题。帮助客户解决有关货物，订单及运输过程等问题。</p>\r\n\r\n<p>-&nbsp;&nbsp;&nbsp;&nbsp; 跟踪客户测试样品规程，把公司的制度、保修保养权利咨询给客户。</p>\r\n\r\n<p>-&nbsp;&nbsp;&nbsp;&nbsp;&nbsp; 建立关系，寻找新的客户，扩展市场。</p>\r\n\r\n<p>-&nbsp;&nbsp;&nbsp;&nbsp;&nbsp;向领导部报告拜访客户情况、订单情况以及各种发生的问题。</p>\r\n\r\n<p><strong>要求：</strong></p>\r\n\r\n<p>-&nbsp;&nbsp;&nbsp;&nbsp;&nbsp; 大学、高等毕业或者学习跟涂料化工行业、电动车的电机行业有关（未知会有培训）</p>\r\n\r\n<p>-&nbsp;&nbsp;&nbsp;&nbsp;&nbsp; 会中文，英文优先。</p>\r\n\r\n<p>-&nbsp;&nbsp;&nbsp;&nbsp;&nbsp; 灵活、沟通能力和说服能力良好。</p>\r\n\r\n<p>-&nbsp;&nbsp;&nbsp;&nbsp;&nbsp;在工作上要认真，勤奋和求进</p>\r\n\r\n<p><strong>福利：</strong></p>\r\n\r\n<p>-&nbsp;&nbsp;&nbsp;&nbsp;&nbsp; 基本工资 +销售提成</p>\r\n\r\n<p>-&nbsp;&nbsp;&nbsp;&nbsp;&nbsp; 车油、电话、出差补贴</p>\r\n\r\n<p>-&nbsp;&nbsp;&nbsp;&nbsp;&nbsp; 按照国家的规定缴纳保险。</p>\r\n\r\n<p>-&nbsp;&nbsp;&nbsp;&nbsp;&nbsp; 按照法律规定放假（节日、春节）</p>\r\n\r\n<p><strong>联系方式：</strong></p>\r\n\r\n<p>-&nbsp;&nbsp;&nbsp;&nbsp;&nbsp; 电话：02433542250</p>\r\n\r\n<p>-&nbsp;&nbsp;&nbsp;&nbsp;&nbsp; 邮箱：hftchemical@gmail.com</p>\r\n\r\n<p>&nbsp;</p>',	'2020-09-21 09:25:22',	'2020-11-16 06:39:34'),
(13,	5,	'vi',	'Tuyển dụng vị trí Phiên Dịch',	'Tuyển dụng vị trí phiên dịch làm việc tại Hưng Yên',	'<p><big><small>Số lượng: 2-3 người</small></big></p>\r\n\r\n<p>Y&ecirc;u cầu:</p>\r\n\r\n<p><big><small>+ Tốt nghiệp đại học.</small></big></p>\r\n\r\n<p><big><small>+ Tiếng Trung th&agrave;nh thạo 4 kỹ năng</small></big></p>\r\n\r\n<p><big><small>+ Khả năng giao ti&ecirc;́p tốt</small></big></p>\r\n\r\n<p><big><small>+ Ưu ti&ecirc;n những ứng vi&ecirc;n đ&atilde; c&oacute; kinh nghiệm l&agrave;m việc</small></big></p>\r\n\r\n<p><big><small>Mức lương&nbsp;: thương lượng trong qu&aacute; tr&igrave;nh phỏng vấn</small></big></p>\r\n\r\n<p><big><small>Thời gian thử việc: 2 th&aacute;ng</small></big></p>\r\n\r\n<p><big><small>Đ&atilde;i ngộ kh&aacute;c : Đ&oacute;ng BHXH đầy đủ v&agrave; được hưởng đầy đủ c&aacute;c chế độ cũng như lương thưởng kh&aacute;c theo quy định&nbsp;của C&ocirc;ng ty.</small></big></p>\r\n\r\n<p><big><small>Thời gian l&agrave;m việc&nbsp;: từ thứ 2 đến thứ 7</small></big></p>\r\n\r\n<p><big><small>Địa đi&ecirc;̉m: KCN Phố Nối A, x&atilde; Giai Phạm, huyện Y&ecirc;n Mỹ, tỉnh Hưng Y&ecirc;n.</small></big></p>\r\n\r\n<p><big><small>Li&ecirc;n hệ&nbsp;:Ứng vi&ecirc;n quan t&acirc;m vui l&ograve;ng gửi&nbsp;CV ti&ecirc;́ng Trung v&agrave; tiếng Việt v&agrave;o địa chỉ email sau : hftchemical@gmail.com ( Vui lòng ghi rõ vị trí ứng tuy&ecirc;̉n)</small></big></p>\r\n\r\n<p><big><small>Hoặc li&ecirc;n hệ Ms.Thanh 0984543129 để biết th&ecirc;m th&ocirc;ng tin chi tiết.</small></big></p>',	'2020-11-16 07:43:23',	'2020-11-30 01:17:53'),
(14,	5,	'en',	'Recruiting for chinese interpreter positions',	'Recruitment of translators working in Hung Yen province',	'<p>Number of vacancy: 2-3 people</p>\r\n\r\n<p>Request:</p>\r\n\r\n<p>Job Description:</p>\r\n\r\n<p>+&nbsp;Graduated from university</p>\r\n\r\n<p>+&nbsp;Proficient in Chinese with 4 skills of listening, speaking, reading and writing</p>\r\n\r\n<p>+&nbsp;Good communicated ability</p>\r\n\r\n<p>+&nbsp;Priority is given to candidates with work experience</p>\r\n\r\n<p>Salary:&nbsp;Talk when interview</p>\r\n\r\n<p>Welfare:&nbsp;Allowance expenses for gasoline, telephone, and business trip; Social insurance in accordance to State regulations; Holidays in accordance to State regulations</p>\r\n\r\n<p>Probationary period: 2 months</p>\r\n\r\n<p>Working time: From Monday to Saturday</p>\r\n\r\n<p>Work location: &nbsp;Pho Noi A Industrial Park, Highway 5, Giai Pham Commune, Yen My District, Hung Yen Province</p>\r\n\r\n<p>Interested candidates please send CV in Chinese and Vietnamese to the following email address: hftchemical@gmail.com&nbsp;</p>\r\n\r\n<p>Contact Mrs. Thanh:&nbsp; 0984543129 for more infomation</p>',	'2020-11-16 07:43:23',	'2020-11-16 08:14:47'),
(15,	5,	'cn',	'越南H.F.T有限责任公司招聘翻译',	'招聘翻译员在兴安工作',	'<p>数量：2-3名</p>\r\n\r\n<p>要求：</p>\r\n\r\n<p>+ 大学毕业</p>\r\n\r\n<p>+ 听说读写流利</p>\r\n\r\n<p>+ 沟通能力强</p>\r\n\r\n<p>+ 有经验优先</p>\r\n\r\n<p>工资：面谈</p>\r\n\r\n<p>试用期：两个月</p>\r\n\r\n<p>福利：按照国家的规定缴纳保险，按照法律规定放假（节日、春节），可受公司的所有待遇</p>\r\n\r\n<p>工作时间：周一到周六</p>\r\n\r\n<p>工作地点：越南兴安省安美县佳范乡Pho Noi A工业园</p>\r\n\r\n<p>请应聘者把中文跟越文的个人简历发到以下的邮箱地址： hftchemical@gmail.com （明细填写应聘岗位）</p>\r\n\r\n<p>联系方式：电话：&nbsp;0984543129 （清女士）</p>',	'2020-11-16 07:43:23',	'2020-11-16 08:14:47');

DROP TABLE IF EXISTS `products`;
CREATE TABLE `products` (
  `id` bigint(20) unsigned NOT NULL AUTO_INCREMENT,
  `slug` varchar(191) COLLATE utf8mb4_unicode_ci DEFAULT NULL,
  `image` varchar(191) COLLATE utf8mb4_unicode_ci NOT NULL,
  `created_at` timestamp NULL DEFAULT NULL,
  `updated_at` timestamp NULL DEFAULT NULL,
  `star` int(11) DEFAULT NULL,
  `public` tinyint(4) NOT NULL DEFAULT '0',
  `show_home` tinyint(4) NOT NULL DEFAULT '0',
  PRIMARY KEY (`id`)
) ENGINE=InnoDB DEFAULT CHARSET=utf8mb4 COLLATE=utf8mb4_unicode_ci;

INSERT INTO `products` (`id`, `slug`, `image`, `created_at`, `updated_at`, `star`, `public`, `show_home`) VALUES
(10,	'nhu-nhom-he-nuoc',	'http://13.250.127.178//storage/photos/1/products/Chemistry/2abd3470c6673b396276.jpg',	'2020-09-21 09:13:51',	'2020-11-26 03:10:10',	4,	1,	0),
(11,	'nhu-nhom-he-dau',	'http://13.250.127.178//storage/photos/1/products/Chemistry/812db7e145f6b8a8e1e7.jpg',	'2020-09-21 09:14:22',	'2020-11-26 03:09:57',	4,	1,	0),
(13,	'nhu-nhom-mau-dung-cho-muc-in',	'http://13.250.127.178//storage/photos/1/products/Chemistry/9b6257a8a5bf58e101ae.jpg',	'2020-09-28 08:23:19',	'2020-11-26 03:09:45',	5,	1,	0),
(14,	'mau-nhu-moer',	'http://13.250.127.178//storage/photos/1/products/Chemistry/73349343_109761413791102_8388370660107223040_n.jpg',	'2020-09-28 08:25:30',	'2020-11-26 03:09:02',	5,	1,	1),
(15,	'chat-phu-gia-taiga',	'http://13.250.127.178//storage/photos/1/products/Chemistry/127184412_198180181875511_4761788196070209800_n.jpg',	'2020-09-28 08:26:11',	'2021-03-09 06:27:33',	5,	1,	1),
(16,	'phu-gia-chong-tia-uv',	'http://13.250.127.178//storage/photos/1/products/Chemistry/127242660_732499237624889_2674257076249381002_n.jpg',	'2020-09-28 08:28:52',	'2021-03-09 06:02:19',	5,	1,	1),
(17,	'dong-co-133s',	'http://13.250.127.178//storage/photos/1/products/Engine/133 nap mez.png',	'2020-09-28 08:33:52',	'2020-11-26 08:41:24',	5,	1,	1),
(18,	'dong-co-133',	'http://13.250.127.178//storage/photos/1/products/Engine/133 dtp.png',	'2020-09-28 08:40:00',	'2020-11-26 08:42:11',	5,	1,	1),
(19,	'dong-co-vespa',	'http://13.250.127.178//storage/photos/1/products/Engine/1aQDB0CaT3fIIzlh4FvdzKJ6n7O6pecyIhlxpEecj.png',	'2020-09-28 08:49:50',	'2020-11-26 08:33:29',	5,	1,	1),
(20,	'dong-co-xmen',	'http://13.250.127.178//storage/photos/1/products/Engine/1egsI53neOr2_T6EeVXdqcUvepaQcDVs8syvggR6l.png',	'2020-09-28 08:50:59',	'2020-11-26 08:32:53',	5,	1,	0),
(21,	'dong-co-xmen',	'http://13.250.127.178//storage/photos/1/products/Engine/1U-EV3vX2igdXkrzHLT3aFsKpj0dU9MGYABQFN2Cv.png',	'2020-09-28 08:56:16',	'2020-11-26 08:32:36',	5,	1,	0),
(22,	'dong-co-xmen',	'http://13.250.127.178//storage/photos/1/products/Engine/xmenmuikhe.png',	'2020-09-28 09:03:36',	'2020-11-26 08:32:16',	5,	1,	1),
(23,	'xe-xmen-dong-co-xmen',	'http://13.250.127.178//storage/photos/1/products/Engine/xe Xmen.png',	'2020-11-18 02:47:08',	'2020-11-26 08:43:48',	5,	1,	0),
(24,	'xe-vecra-lx-150-dong-co-vespa',	'http://13.250.127.178//storage/photos/1/products/Engine/Xe Vecra.png',	'2020-11-18 02:47:59',	'2020-11-26 08:43:29',	5,	1,	0),
(25,	'xe-may-dien-dtp-vespa-lx2-dong-co-vespa',	'http://13.250.127.178//storage/photos/1/products/Engine/PLACEHOLDER_4e1598c1c6876420_2.png',	'2020-11-18 02:48:35',	'2020-11-26 08:43:17',	5,	1,	0),
(26,	'dong-co-vespa',	'http://13.250.127.178//storage/photos/1/products/Engine/vespa nap t9.png',	'2020-11-24 08:36:53',	'2020-11-26 08:34:09',	5,	1,	0),
(27,	'bot-camay-nhu-anh-kim',	'http://13.250.127.178//storage/photos/1/products/Chemistry/90927763_201327801301129_4489077505424097280_n.jpg',	'2020-11-25 02:54:18',	'2020-11-26 03:08:43',	5,	1,	1),
(28,	'chat-nhu-nhom-sunrise',	'http://13.250.127.178//storage/photos/1/products/Chemistry/u=2807766419,1807997725&fm=26&gp=0.jpg',	'2020-11-25 06:07:32',	'2020-11-26 03:07:30',	5,	1,	1),
(29,	'chat-nhu-zuxing',	'http://13.250.127.178//storage/photos/1/products/Chemistry/u=3959160236,2309482079&fm=26&gp=0.jpg',	'2020-11-25 07:21:20',	'2020-11-26 03:09:15',	2,	1,	1),
(30,	'dong-co-vespa',	'http://13.250.127.178//storage/photos/1/products/Engine/vespa nap HTC.png',	'2020-11-26 06:47:59',	'2020-11-26 08:41:03',	5,	1,	0),
(31,	'dong-co-vanh-18',	'http://13.250.127.178//storage/photos/1/products/1GIge9AeIN-fz2-QvI6i_t8Xu_fP0avOSMcFbf2eU.png',	'2020-11-26 07:01:43',	'2020-11-26 08:41:49',	5,	1,	1),
(32,	'dong-co-vespa',	'http://13.250.127.178//storage/photos/1/products/Engine/Bosh X1.png',	'2020-11-26 07:36:25',	'2020-11-26 08:33:47',	5,	1,	1),
(33,	'dong-co-133',	'http://13.250.127.178//storage/photos/1/products/Engine/133R1.png',	'2020-11-26 08:07:04',	'2020-11-26 08:42:31',	5,	1,	0),
(34,	'dong-co-133s',	'http://13.250.127.178//storage/photos/1/products/Engine/133S Z2.png',	'2020-11-26 08:23:13',	'2020-11-26 08:41:38',	5,	1,	0);

DROP TABLE IF EXISTS `product_translations`;
CREATE TABLE `product_translations` (
  `id` bigint(20) unsigned NOT NULL AUTO_INCREMENT,
  `product_id` int(10) unsigned NOT NULL,
  `locale` varchar(191) COLLATE utf8mb4_unicode_ci NOT NULL,
  `name` varchar(191) COLLATE utf8mb4_unicode_ci NOT NULL,
  `detail` longtext COLLATE utf8mb4_unicode_ci,
  `created_at` timestamp NULL DEFAULT NULL,
  `updated_at` timestamp NULL DEFAULT NULL,
  `short_detail` text COLLATE utf8mb4_unicode_ci,
  PRIMARY KEY (`id`),
  UNIQUE KEY `product_translations_product_id_locale_unique` (`product_id`,`locale`),
  KEY `product_translations_locale_index` (`locale`)
) ENGINE=InnoDB DEFAULT CHARSET=utf8mb4 COLLATE=utf8mb4_unicode_ci;

INSERT INTO `product_translations` (`id`, `product_id`, `locale`, `name`, `detail`, `created_at`, `updated_at`, `short_detail`) VALUES
(28,	10,	'en',	'Waterborne Aluminium',	NULL,	'2020-09-21 09:13:51',	'2020-11-16 03:29:18',	'The waterborne aluminium emulsion line of Sunrise is widely used for the water-based paint lines of paints, printing inks, construction paints, high-grade plastic paints, etc.'),
(29,	10,	'vi',	'Nhũ nhôm hệ nước',	NULL,	'2020-09-21 09:13:51',	'2020-11-16 03:29:18',	'Dòng nhũ nhôm hệ nước của Sunrise được sử dụng rộng rãi cho dòng sơn hệ nước của sơn sấy, mực in, sơn xây dựng, sơn nhựa cao cấp, v.v....'),
(30,	10,	'cn',	'水性铝银浆',	NULL,	'2020-09-21 09:13:51',	'2020-11-16 03:29:18',	'旭阳的水性铝银浆产品广泛应用于水性烤漆、水性油墨、水性建筑涂料、水性高档塑胶漆等'),
(31,	11,	'en',	'Oil-type Aluminium',	'<h2>&nbsp;</h2>\r\n\r\n<h2><img alt=\"\" src=\"http://13.250.20.47//storage/photos/1/products/Chemistry/93ea0e21fc3601685827.jpg\" style=\"height:321px; width:571px\" /></h2>\r\n\r\n<h2>&nbsp;</h2>',	'2020-09-21 09:14:22',	'2020-11-16 03:16:05',	'The series of oil-based aluminum emulsion of Sunrise is widely and widely used for metal varnish in construction machinery, motor toys, bicycles, motorcycles, cars; for printing inks, luminous paints, paper paints and preservative coatings; can also be used in paint on plastic and on wood, etc.'),
(32,	11,	'vi',	'Nhũ nhôm hệ dầu',	NULL,	'2020-09-21 09:14:22',	'2020-11-16 03:16:05',	'Dòng nhũ nhôm hệ dầu của Sunrise được ứng dụng phổ biến và rộng rãi cho các loại sơn bóng kim loại trong máy móc công trình, đồ chơi có động cơ, xe đạp, xe máy, ô tô; dùng cho mực in, sơn dạ quang, sơn vẽ trên giấy và sơn phủ bảo quản; cũng có thể dùng trong sơn trên nhựa và trên gỗ, v.v...'),
(33,	11,	'cn',	'油性铝银浆',	NULL,	'2020-09-21 09:14:22',	'2020-11-16 03:16:05',	'旭阳的油性铝银浆系列广泛应用于汽车涂料、卷材涂料、高档塑胶漆、手机壳漆、玩具漆、印刷油墨、自喷漆等。'),
(37,	13,	'en',	'Aluminum powder',	NULL,	'2020-09-28 08:23:19',	'2020-11-16 06:32:26',	'Because PE coating can reduce odor and dust, it has great advantages for users to ensure workshop cleanliness and protect workers. Due to the high concentration and high pigment content, the user can reduce the amount of color masterbatch used. High-concentration solid color masterbatch aluminum silver bar adopts special wax coating technology to isolate odor. It can play a role in reducing dust in the fields of color masterbatch, blown film and injection molding.'),
(38,	13,	'vi',	'Nhũ nhôm màu dùng cho mực in',	NULL,	'2020-09-28 08:23:19',	'2020-11-16 06:32:26',	'Nhũ nhôm màu dạng hạt dùng cho mực in của Sunrise nhờ được bọc một lớp PE ở ngoài cùng nên có khả năng khử mùi và chống bụi rất tốt, đảm bảo vệ sinh cho người sử dụng. Do có nồng độ và hàm lượng sắc tố cao, người dùng có thể điều chỉnh lượng màu sắc theo ý muốn.'),
(39,	13,	'cn',	'油墨条状铝银条',	NULL,	'2020-09-28 08:23:19',	'2020-11-16 06:32:26',	'因为经过PE包覆以后，可以减少气味以及粉尘，对于使用者来说，保证车间清洁以及保护工人方面具有很大的优势。由于浓度高，颜料含量高，使用方可以减少对色母的使用量。高浓度固态色母铝银条采用特殊蜡包覆技术，隔绝气味，在色母以及吹膜、注塑领域可以起到降尘的作用，是一种新型的色母技术应用，未来市场前景还是相当可观的。'),
(40,	14,	'en',	'Moer Pearl powder',	NULL,	'2020-09-28 08:25:30',	'2020-11-25 06:09:42',	'Moer Pearl powder is natural mica main material, which has been meticulously machined through a special grinding device to classify and yield mica particles with the best thickness and size, the outer layer is covered with many different types of metal oxides. The product has been passed by specialized testing equipment to ensure the quality and stability of the product.'),
(41,	14,	'vi',	'Màu nhũ Moer',	NULL,	'2020-09-28 08:25:30',	'2020-11-25 06:09:42',	'Màu nhũ Moer có vật liệu chính là mica tự nhiên, đã được gia công tỉ mỉ thông qua thiết bị nghiền đặc biệt để phân loại và cho ra các hạt mica có độ dày và kích cỡ tốt nhất, lớp ngoài được bao phủ bằng nhiều loại oxit kim loại khác nhau. Sản phẩm đã được thông qua bằng các thiết bị kiểm tra chuyên dụng để đảm bảo chất lượng cũng như tính ổn định của sản phẩm.'),
(42,	14,	'cn',	'莫尔珠光粉',	NULL,	'2020-09-28 08:25:30',	'2020-11-25 06:09:42',	'莫尔天然云母基材珠光材料是以天然云母为基材，经过特殊专用研磨设备加工精细化的分级，取得最佳径厚比的云母粒子，用多种金属氧化物精密包覆而成。通过多种专业设备的检测，保证产品品质及稳定性。'),
(43,	15,	'en',	'Taiga Additive',	NULL,	'2020-09-28 08:26:11',	'2021-03-09 06:27:33',	NULL),
(44,	15,	'vi',	'Chất phụ gia Taiga',	NULL,	'2020-09-28 08:26:11',	'2021-03-09 06:27:33',	NULL),
(45,	15,	'cn',	'泰格助剂',	NULL,	'2020-09-28 08:26:11',	'2021-03-09 06:27:33',	NULL),
(46,	16,	'en',	'Additive for UV protection',	'<p>​​​​</p>',	'2020-09-28 08:28:52',	'2021-03-09 06:02:19',	'Additive UV belongs to the product line to help stabilize the brightness, prevent UV damage on the coating surface. This is the product that many customers choose to use of the Rialon. This is one of the leading enterprises in the industry that has the most complete system of anti-oxidation products.'),
(47,	16,	'vi',	'Phụ gia chống tia UV',	'<p>&nbsp;</p>\r\n\r\n<p>&nbsp;</p>',	'2020-09-28 08:28:52',	'2021-03-09 06:02:19',	'Phụ gia UV là sản phẩm giúp ổn định độ sáng, ngăn ngừa tác hại của tia UV trên bề mặt sơn phủ. Đây là sản phẩm được rất nhiều khách hàng lựa chọn sử dụng của nhà Rialon. Đây  là một trong những doanh nghiệp hàng đầu trong ngành có hệ thống sản phẩm chống oxy hóa được đồng bộ đầy đủ nhất.'),
(48,	16,	'cn',	'紫外吸收剂',	NULL,	'2020-09-28 08:28:52',	'2021-03-09 06:02:19',	'UV助剂属于利安隆的光稳定剂（紫外线吸收剂）可帮助稳定亮度，防止紫外线的有害影响。利安隆是全球抗老化行业产品配套最齐全的公司之一。'),
(49,	17,	'en',	'133S Engine',	'<p>Nominal rotation speed: 490 (r/min)</p>\r\n\r\n<p>Nominal voltage: 48 (V)</p>\r\n\r\n<p>Nominal power: 600 (W)</p>\r\n\r\n<p>The largest power:&nbsp;1300&nbsp;(W)</p>\r\n\r\n<p>IC:</p>\r\n\r\n<p><img alt=\"\" src=\"http://13.250.127.178//storage/photos/1/Bộ khiển/133S.png\" style=\"height:228px; width:350px\" /><img alt=\"\" src=\"http://13.250.127.178//storage/photos/1/Bộ khiển/133S (2).png\" style=\"height:212px; width:350px\" /></p>\r\n\r\n<p>Cetificate:</p>\r\n\r\n<p><img alt=\"\" src=\"http://13.250.127.178//storage/photos/1/GCN Động cơ/Z2.PNG\" style=\"height:465px; width:350px\" /><img alt=\"\" src=\"http://13.250.127.178//storage/photos/1/GCN Động cơ/Vanh Z2.PNG\" style=\"height:465px; width:347px\" /></p>',	'2020-09-28 08:33:52',	'2020-12-05 03:01:13',	'12X2.15 Engine 133S silver mez cap '),
(50,	17,	'vi',	'Động cơ 133S',	'<p>Tốc độ quay danh định (r/min):490</p>\r\n\r\n<p>Điện &aacute;p danh định (V): 48</p>\r\n\r\n<p>C&ocirc;ng suất danh định (W): 600</p>\r\n\r\n<p>C&ocirc;ng suất lớn nhất (W): 1300</p>\r\n\r\n<p>Bộ khiển:</p>\r\n\r\n<p><img alt=\"\" src=\"http://13.250.127.178//storage/photos/1/Bộ khiển/133S.png\" style=\"height:228px; width:350px\" /><img alt=\"\" src=\"http://13.250.127.178//storage/photos/1/Bộ khiển/133S (2).png\" style=\"height:212px; width:350px\" /></p>\r\n\r\n<p>Giấy chứng nhận:&nbsp;</p>\r\n\r\n<p><img alt=\"\" src=\"http://13.250.127.178//storage/photos/1/GCN Động cơ/Z2.PNG\" style=\"height:465px; width:350px\" /><img alt=\"\" src=\"http://13.250.127.178//storage/photos/1/GCN Động cơ/Vanh Z2.PNG\" style=\"height:465px; width:347px\" /></p>',	'2020-09-28 08:33:52',	'2020-12-05 03:01:13',	'Động cơ 133S nắp mez bạc 12X2.15'),
(51,	17,	'cn',	'133S 电机',	'<p>额定转速：490 （圈/分钟）</p>\r\n\r\n<p>额定电压：48 （V）</p>\r\n\r\n<p>额定功率：600 （W）</p>\r\n\r\n<p>最大功率：1300 （W）</p>\r\n\r\n<p>控制器：</p>\r\n\r\n<p><img alt=\"\" src=\"http://13.250.127.178//storage/photos/1/Bộ khiển/133S.png\" style=\"height:228px; width:350px\" /><img alt=\"\" src=\"http://13.250.127.178//storage/photos/1/Bộ khiển/133S (2).png\" style=\"height:212px; width:350px\" /></p>\r\n\r\n<p>证书：</p>\r\n\r\n<p><img alt=\"\" src=\"http://13.250.127.178//storage/photos/1/GCN Động cơ/Z2.PNG\" style=\"height:465px; width:350px\" /><img alt=\"\" src=\"http://13.250.127.178//storage/photos/1/GCN Động cơ/Vanh Z2.PNG\" style=\"height:465px; width:347px\" /></p>\r\n\r\n<p>&nbsp;</p>',	'2020-09-28 08:33:52',	'2020-12-05 03:01:13',	'12X2.15白银Mez盖133S电机'),
(52,	18,	'en',	'133 engine',	'<p>Nominal rotation speed: 420 (r/min)</p>\r\n\r\n<p>Nominal voltage: 48 (V)</p>\r\n\r\n<p>Nominal power: 400 (W)&nbsp;&nbsp;&nbsp;&nbsp;&nbsp;&nbsp;</p>\r\n\r\n<p>The largest power:&nbsp;950&nbsp;(W)</p>\r\n\r\n<p>IC:</p>\r\n\r\n<p><img alt=\"\" src=\"http://13.250.127.178//storage/photos/1/Bộ khiển/133 (2).png\" style=\"height:238px; width:350px\" /><img alt=\"\" src=\"http://13.250.127.178//storage/photos/1/Bộ khiển/133.png\" style=\"height:238px; width:348px\" /></p>\r\n\r\n<p>Cetificate:</p>\r\n\r\n<p><img alt=\"\" src=\"http://13.250.127.178//storage/photos/1/GCN Động cơ/A5.PNG\" style=\"height:479px; width:350px\" /><img alt=\"\" src=\"http://13.250.127.178//storage/photos/1/GCN Động cơ/vanh A5.PNG\" style=\"height:479px; width:355px\" /></p>',	'2020-09-28 08:40:00',	'2020-12-05 03:13:29',	'10X2.15 Engine 133 D.T.P black cap'),
(53,	18,	'vi',	'Động cơ 133',	'<p>Tốc độ quay danh định (r/min): 420</p>\r\n\r\n<p>Điện &aacute;p danh định (V): 48</p>\r\n\r\n<p>C&ocirc;ng suất danh định (W): 400</p>\r\n\r\n<p>C&ocirc;ng suất lớn nhất (W): 950</p>\r\n\r\n<p>Bộ khiển:</p>\r\n\r\n<p><img alt=\"\" src=\"http://13.250.127.178//storage/photos/1/Bộ khiển/133 (2).png\" style=\"height:238px; width:350px\" /><img alt=\"\" src=\"http://13.250.127.178//storage/photos/1/Bộ khiển/133.png\" style=\"height:238px; width:348px\" /></p>\r\n\r\n<p>Giấy chứng nhận:</p>\r\n\r\n<p><img alt=\"\" src=\"http://13.250.127.178//storage/photos/1/GCN Động cơ/A5.PNG\" style=\"height:479px; width:350px\" /><img alt=\"\" src=\"http://13.250.127.178//storage/photos/1/GCN Động cơ/vanh A5.PNG\" style=\"height:479px; width:355px\" /></p>',	'2020-09-28 08:40:00',	'2020-12-05 03:13:29',	'Động cơ 133 nắp D.T.P đen 10X2.15'),
(54,	18,	'cn',	'133 电机',	'<p>额定转速：420 （圈/分钟）</p>\r\n\r\n<p>额定电压：48 （V）</p>\r\n\r\n<p>额定功率：400 （W）</p>\r\n\r\n<p>最大功率：950 （W）</p>\r\n\r\n<p>控制器：</p>\r\n\r\n<p><img alt=\"\" src=\"http://13.250.127.178//storage/photos/1/Bộ khiển/133 (2).png\" style=\"height:238px; width:350px\" /><img alt=\"\" src=\"http://13.250.127.178//storage/photos/1/Bộ khiển/133.png\" style=\"height:238px; width:348px\" /></p>\r\n\r\n<p>证书：</p>\r\n\r\n<p><img alt=\"\" src=\"http://13.250.127.178//storage/photos/1/GCN Động cơ/A5.PNG\" style=\"height:479px; width:350px\" /><img alt=\"\" src=\"http://13.250.127.178//storage/photos/1/GCN Động cơ/vanh A5.PNG\" style=\"height:479px; width:355px\" /></p>',	'2020-09-28 08:40:00',	'2020-12-05 03:13:29',	'10X2.15雅黑D.T.P盖133电机'),
(55,	19,	'en',	'Vespa Engine',	'<p>Nominal rotation speed：466 (r/min)</p>\r\n\r\n<p>Nominal Voltage：60 （V）</p>\r\n\r\n<p>Max power : 1450 (W)</p>\r\n\r\n<p>Nominal torque: 16,40 (Nm)</p>\r\n\r\n<p>IC:</p>\r\n\r\n<p><img alt=\"\" src=\"http://13.250.127.178//storage/photos/1/Bộ khiển/PLACEHOLDER_1c35dda565a67715_6.png\" style=\"height:236px; width:350px\" /><img alt=\"\" src=\"http://13.250.127.178//storage/photos/1/Bộ khiển/PLACEHOLDER_1c35dda565a67715_7.png\" style=\"height:236px; width:368px\" /></p>\r\n\r\n<p>Cetificate:</p>\r\n\r\n<p><img alt=\"\" src=\"http://13.250.127.178//storage/photos/1/GCN Động cơ/S2.PNG\" style=\"height:474px; width:350px\" /><img alt=\"\" src=\"http://13.250.127.178//storage/photos/1/GCN Động cơ/Vanh S2.PNG\" style=\"height:474px; width:348px\" /></p>',	'2020-09-28 08:49:50',	'2020-12-05 02:32:09',	'10X2.15 Vespa engine with silver disk cap'),
(56,	19,	'vi',	'Động cơ Vespa',	'<hr />\r\n<p>Tốc độ quay danh định (r/min): 466</p>\r\n\r\n<p>Điện &aacute;p danh định (V): 60</p>\r\n\r\n<p>C&ocirc;ng suất lớn nhất&nbsp;(W): 1450</p>\r\n\r\n<p>M&ocirc; men xoắn danh định (Nm): 16,40</p>\r\n\r\n<p>Bộ khiển:</p>\r\n\r\n<p><img alt=\"\" src=\"http://13.250.127.178//storage/photos/1/Bộ khiển/PLACEHOLDER_1c35dda565a67715_6.png\" style=\"height:236px; width:350px\" /><img alt=\"\" src=\"http://13.250.127.178//storage/photos/1/Bộ khiển/PLACEHOLDER_1c35dda565a67715_7.png\" style=\"height:236px; width:368px\" /></p>\r\n\r\n<p>Giấy chứng nhận:</p>\r\n\r\n<p><img alt=\"\" src=\"http://13.250.127.178//storage/photos/1/GCN Động cơ/S2.PNG\" style=\"height:474px; width:350px\" /><img alt=\"\" src=\"http://13.250.127.178//storage/photos/1/GCN Động cơ/Vanh S2.PNG\" style=\"height:474px; width:348px\" /></p>\r\n\r\n<p>&nbsp;</p>',	'2020-09-28 08:49:50',	'2020-12-05 02:32:09',	'Động cơ Vespa nắp sao đĩa bạc 10X2.15'),
(57,	19,	'cn',	'Vespa 电机',	'<p>额定转速:&nbsp;466 (圈/分钟)</p>\r\n\r\n<p>额定电压：60 （V）</p>\r\n\r\n<p>最大功率：1450 （W）</p>\r\n\r\n<p>额定扭力：16,40 (Nm)</p>\r\n\r\n<p>控制器：</p>\r\n\r\n<p><img alt=\"\" src=\"http://13.250.127.178//storage/photos/1/Bộ khiển/PLACEHOLDER_1c35dda565a67715_6.png\" style=\"height:236px; width:350px\" /><img alt=\"\" src=\"http://13.250.127.178//storage/photos/1/Bộ khiển/PLACEHOLDER_1c35dda565a67715_7.png\" style=\"height:236px; width:368px\" /></p>\r\n\r\n<p>证书：</p>\r\n\r\n<p><img alt=\"\" src=\"http://13.250.127.178//storage/photos/1/GCN Động cơ/S2.PNG\" style=\"height:474px; width:350px\" /><img alt=\"\" src=\"http://13.250.127.178//storage/photos/1/GCN Động cơ/Vanh S2.PNG\" style=\"height:474px; width:348px\" /></p>',	'2020-09-28 08:49:50',	'2020-12-05 02:32:09',	'10X2.15 银白五星盖Vespa电机'),
(58,	20,	'en',	'Xmen Engine',	'<p>Nominal rotation speed: 509&nbsp;(r/min)</p>\r\n\r\n<p>Nominal voltage: 60 (V)</p>\r\n\r\n<p>Nominal power: 800 (W)</p>\r\n\r\n<p>The largest power:&nbsp;1600&nbsp;(W)</p>\r\n\r\n<p>IC:&nbsp;</p>\r\n\r\n<p><img alt=\"\" src=\"http://13.250.127.178//storage/photos/1/Bộ khiển/Xmen (2).png\" style=\"height:197px; width:350px\" /><img alt=\"\" src=\"http://13.250.127.178//storage/photos/1/Bộ khiển/Xmen.png\" style=\"height:197px; width:315px\" /></p>\r\n\r\n<p>Cetificate:</p>\r\n\r\n<p><img alt=\"\" src=\"http://13.250.127.178//storage/photos/1/GCN Động cơ/A3.PNG\" style=\"height:478px; width:350px\" /><img alt=\"\" src=\"http://13.250.127.178//storage/photos/1/GCN Động cơ/Vanh A3.PNG\" style=\"height:478px; width:354px\" /></p>',	'2020-09-28 08:50:59',	'2020-12-05 02:26:16',	'12X2.5 Silver starfish cover Xmen engine'),
(59,	20,	'vi',	'Động cơ Xmen',	'<p>Tốc độ quay danh định (r/min):509<br />\r\nĐiện &aacute;p danh định (V): 60<br />\r\nC&ocirc;ng suất danh định (W): 800<br />\r\nC&ocirc;ng suất lớn nhất (W): 1600</p>\r\n\r\n<p>Bộ khiển:</p>\r\n\r\n<p><img alt=\"\" src=\"http://13.250.127.178//storage/photos/1/Bộ khiển/Xmen (2).png\" style=\"height:197px; width:350px\" /><img alt=\"\" src=\"http://13.250.127.178//storage/photos/1/Bộ khiển/Xmen.png\" style=\"height:197px; width:315px\" /></p>\r\n\r\n<p>Giấy chứng nhận:</p>\r\n\r\n<p><img alt=\"\" src=\"http://13.250.127.178//storage/photos/1/GCN Động cơ/A3.PNG\" style=\"height:478px; width:350px\" /><img alt=\"\" src=\"http://13.250.127.178//storage/photos/1/GCN Động cơ/Vanh A3.PNG\" style=\"height:478px; width:354px\" /></p>',	'2020-09-28 08:50:59',	'2020-12-05 02:26:16',	'Động cơ Xmen nắp sao biển bạc 12X2.5'),
(60,	20,	'cn',	'Xmen 电机',	'<p>额定转速：509&nbsp;（圈/分钟）</p>\r\n\r\n<p>额定电压：60 （V）</p>\r\n\r\n<p>额定功率：800 （W）</p>\r\n\r\n<p>最大功率：1600 （W）</p>\r\n\r\n<p>控制器：</p>\r\n\r\n<p><img alt=\"\" src=\"http://13.250.127.178//storage/photos/1/Bộ khiển/Xmen (2).png\" style=\"height:197px; width:350px\" /><img alt=\"\" src=\"http://13.250.127.178//storage/photos/1/Bộ khiển/Xmen.png\" style=\"height:197px; width:315px\" /></p>\r\n\r\n<p>证书：</p>\r\n\r\n<p><img alt=\"\" src=\"http://13.250.127.178//storage/photos/1/GCN Động cơ/A3.PNG\" style=\"height:478px; width:350px\" /><img alt=\"\" src=\"http://13.250.127.178//storage/photos/1/GCN Động cơ/Vanh A3.PNG\" style=\"height:478px; width:354px\" /></p>',	'2020-09-28 08:50:59',	'2020-12-05 02:26:16',	'10X2.15银白海星盖Xmen电机'),
(61,	21,	'en',	'Xmen Engine',	'<p>Nominal rotation speed: 530&nbsp;(r/min)</p>\r\n\r\n<p>Nominal voltage: 60 (V)</p>\r\n\r\n<p>Nominal power: 800 (W)</p>\r\n\r\n<p>The largest power:&nbsp;1100 (W)</p>\r\n\r\n<p>IC:&nbsp;</p>\r\n\r\n<p><img alt=\"\" src=\"http://13.250.127.178//storage/photos/1/Bộ khiển/Xmen (2).png\" style=\"height:197px; width:350px\" /><img alt=\"\" src=\"http://13.250.127.178//storage/photos/1/Bộ khiển/Xmen.png\" style=\"height:197px; width:315px\" /></p>\r\n\r\n<p>Cetificate:</p>\r\n\r\n<p><img alt=\"\" src=\"http://13.250.127.178//storage/photos/1/GCN Động cơ/Y1.PNG\" style=\"height:471px; width:350px\" /><img alt=\"\" src=\"http://13.250.127.178//storage/photos/1/GCN Động cơ/Vanh Y1.PNG\" style=\"height:471px; width:345px\" /></p>',	'2020-09-28 08:56:16',	'2020-12-05 02:24:33',	'12X2.5 Black star-cap Xmen engine'),
(62,	21,	'vi',	'Động cơ Xmen',	'<p>Tốc độ quay danh định (r/min): 530<br />\r\nĐiện &aacute;p danh định (V): 60<br />\r\nC&ocirc;ng suất danh định (W): 800&nbsp;<br />\r\nC&ocirc;ng suất lớn nhất (W): 1100</p>\r\n\r\n<p>Bộ khiển:&nbsp;</p>\r\n\r\n<p><img alt=\"\" src=\"http://13.250.127.178//storage/photos/1/Bộ khiển/Xmen (2).png\" style=\"height:197px; width:350px\" /><img alt=\"\" src=\"http://13.250.127.178//storage/photos/1/Bộ khiển/Xmen.png\" style=\"height:197px; width:315px\" /></p>\r\n\r\n<p>Giấy chứng nhận:&nbsp;</p>\r\n\r\n<p><img alt=\"\" src=\"http://13.250.127.178//storage/photos/1/GCN Động cơ/Y1.PNG\" style=\"height:471px; width:350px\" /><img alt=\"\" src=\"http://13.250.127.178//storage/photos/1/GCN Động cơ/Vanh Y1.PNG\" style=\"height:471px; width:345px\" /></p>',	'2020-09-28 08:56:16',	'2020-12-05 02:24:33',	'Động cơ Xmen nắp ngôi sao đen 12X2.5  '),
(63,	21,	'cn',	'Xmen 电机',	'<p>额定转速：530 （圈/分钟）</p>\r\n\r\n<p>额定电压：60 （V）</p>\r\n\r\n<p>额定功率：800 （W）</p>\r\n\r\n<p>最大功率：1100 （W）</p>\r\n\r\n<p>控制器：</p>\r\n\r\n<p><img alt=\"\" src=\"http://13.250.127.178//storage/photos/1/Bộ khiển/Xmen (2).png\" style=\"height:197px; width:350px\" /><img alt=\"\" src=\"http://13.250.127.178//storage/photos/1/Bộ khiển/Xmen.png\" style=\"height:197px; width:315px\" /></p>\r\n\r\n<p>证书：</p>\r\n\r\n<p><img alt=\"\" src=\"http://13.250.127.178//storage/photos/1/GCN Động cơ/Y1.PNG\" style=\"height:471px; width:350px\" /><img alt=\"\" src=\"http://13.250.127.178//storage/photos/1/GCN Động cơ/Vanh Y1.PNG\" style=\"height:471px; width:345px\" /></p>',	'2020-09-28 08:56:16',	'2020-12-05 02:24:33',	'12X2.5 雅黑五星盖Xmen电机'),
(64,	22,	'en',	'Xmen Engine',	'<p>Nominal rotation speed: 502 (r/min)</p>\r\n\r\n<p>Nominal voltage: 60 (V)</p>\r\n\r\n<p>Nominal power: 800 (W)</p>\r\n\r\n<p>The largest power:&nbsp;1520&nbsp;(W)</p>\r\n\r\n<p>IC:</p>\r\n\r\n<p><img alt=\"\" src=\"http://13.250.127.178//storage/photos/1/Bộ khiển/Xmen (2).png\" style=\"height:197px; width:350px\" /><img alt=\"\" src=\"http://13.250.127.178//storage/photos/1/Bộ khiển/Xmen.png\" style=\"height:197px; width:315px\" /></p>\r\n\r\n<p>Cetificate:</p>\r\n\r\n<p><img alt=\"\" src=\"http://13.250.127.178//storage/photos/1/GCN Động cơ/E1.PNG\" style=\"height:482px; width:350px\" /><img alt=\"\" src=\"http://13.250.127.178//storage/photos/1/GCN Động cơ/Vanh E1.PNG\" style=\"height:482px; width:351px\" /></p>',	'2020-09-28 09:03:36',	'2020-12-05 02:21:43',	'12X2.5 Xmen engine with black seat cover '),
(65,	22,	'vi',	'Động cơ Xmen',	'<p>Tốc độ quay danh định (r/min): 502<br />\r\nĐiện &aacute;p danh định (V): 60<br />\r\nC&ocirc;ng suất danh định (W): 800<br />\r\nC&ocirc;ng suất lớn nhất (W): 1520</p>\r\n\r\n<p>Bộ khiển:</p>\r\n\r\n<p><img alt=\"\" src=\"http://13.250.127.178//storage/photos/1/Bộ khiển/Xmen (2).png\" style=\"height:197px; width:350px\" /><img alt=\"\" src=\"http://13.250.127.178//storage/photos/1/Bộ khiển/Xmen.png\" style=\"height:197px; width:315px\" /></p>\r\n\r\n<p>Giấy chứng nhận:</p>\r\n\r\n<p><img alt=\"\" src=\"http://13.250.127.178//storage/photos/1/GCN Động cơ/E1.PNG\" style=\"height:482px; width:350px\" /><img alt=\"\" src=\"http://13.250.127.178//storage/photos/1/GCN Động cơ/Vanh E1.PNG\" style=\"height:482px; width:351px\" /></p>',	'2020-09-28 09:03:36',	'2020-12-05 02:21:43',	'Động cơ Xmen nắp múi khế đen 12X2.5'),
(66,	22,	'cn',	'Xmen 电机',	'<p>额定转速：502 （圈/分钟）</p>\r\n\r\n<p>额定电压：60 （V）</p>\r\n\r\n<p>额定功率：800 （W）</p>\r\n\r\n<p>最大功率：1520 （W）</p>\r\n\r\n<p>控制器：</p>\r\n\r\n<p><img alt=\"\" src=\"http://13.250.127.178//storage/photos/1/Bộ khiển/Xmen (2).png\" style=\"height:197px; width:350px\" /><img alt=\"\" src=\"http://13.250.127.178//storage/photos/1/Bộ khiển/Xmen.png\" style=\"height:197px; width:315px\" /></p>\r\n\r\n<p>证书：</p>\r\n\r\n<p><img alt=\"\" src=\"http://13.250.127.178//storage/photos/1/GCN Động cơ/E1.PNG\" style=\"height:482px; width:350px\" /><img alt=\"\" src=\"http://13.250.127.178//storage/photos/1/GCN Động cơ/Vanh E1.PNG\" style=\"height:482px; width:351px\" /></p>',	'2020-09-28 09:03:36',	'2020-12-05 02:21:43',	'12X2.5雅黑金刚盖Xmen电机'),
(67,	23,	'en',	'Xmen Electrical motorcycle+ Xmen Engine',	NULL,	'2020-11-18 02:47:08',	'2020-11-18 04:48:13',	NULL),
(68,	23,	'vi',	'Xe Xmen+ Động cơ Xmen',	NULL,	'2020-11-18 02:47:08',	'2020-11-18 04:48:13',	NULL),
(69,	23,	'cn',	'XMEN电动车+ Xmen电机',	NULL,	'2020-11-18 02:47:08',	'2020-11-18 04:48:13',	NULL),
(70,	24,	'en',	'VECRA LX 150 Electrical motorcycle +  Vespa Engine',	NULL,	'2020-11-18 02:47:59',	'2020-11-18 04:35:27',	NULL),
(71,	24,	'vi',	'Xe VECRA LX 150+ Động cơ Vespa',	NULL,	'2020-11-18 02:47:59',	'2020-11-18 02:47:59',	NULL),
(72,	24,	'cn',	'VECRA LX 150 电动车 + Vespa 电机',	NULL,	'2020-11-18 02:47:59',	'2020-11-18 04:35:27',	NULL),
(73,	25,	'en',	'DTP VESPA LX2 Electrical motocycle + Động cơ Vespa',	NULL,	'2020-11-18 02:48:35',	'2020-11-18 04:33:57',	NULL),
(74,	25,	'vi',	'Xe máy điện DTP VESPA LX2+ Động cơ Vespa',	NULL,	'2020-11-18 02:48:35',	'2020-11-18 04:33:57',	NULL),
(75,	25,	'cn',	'DTP VESPA LX2 电动车+  Vespa 电机',	NULL,	'2020-11-18 02:48:35',	'2020-11-18 04:48:33',	NULL),
(76,	26,	'en',	'Vespa Engine',	'<p>Nominal rotation speed：466 (r/min)</p>\r\n\r\n<p>Nominal Voltage：60 （V）</p>\r\n\r\n<p>Nominal power: 800 (W)</p>\r\n\r\n<p>Max power : 1580 (W)</p>\r\n\r\n<p>IC:</p>\r\n\r\n<p><img alt=\"\" src=\"http://13.250.127.178//storage/photos/1/Bộ khiển/Xmen (2).png\" style=\"height:225px; width:400px\" /><img alt=\"\" src=\"http://13.250.127.178//storage/photos/1/Bộ khiển/Xmen.png\" style=\"height:225px; width:360px\" /></p>\r\n\r\n<p>Cetificate:</p>\r\n\r\n<p><img alt=\"\" src=\"http://13.250.127.178//storage/photos/1/GCN Động cơ/A1.PNG\" style=\"height:476px; width:350px\" /><img alt=\"\" src=\"http://13.250.127.178//storage/photos/1/GCN Động cơ/Vanh A1.PNG\" style=\"height:476px; width:349px\" /></p>',	'2020-11-24 08:36:53',	'2020-12-05 02:43:41',	'10X2.15 Vespa engine lid T9 silver'),
(77,	26,	'vi',	'Động cơ Vespa',	'<p>Tốc độ quay danh định (r/min): 509</p>\r\n\r\n<p>Điện &aacute;p danh định (V): 60</p>\r\n\r\n<p>C&ocirc;ng suất danh định&nbsp;(W): 800</p>\r\n\r\n<p>C&ocirc;ng suất lớn nhất (W) : 1580</p>\r\n\r\n<p>Bộ khiển:</p>\r\n\r\n<p><img alt=\"\" src=\"http://13.250.127.178//storage/photos/1/Bộ khiển/Xmen (2).png\" style=\"height:197px; width:350px\" /><img alt=\"\" src=\"http://13.250.127.178//storage/photos/1/Bộ khiển/Xmen.png\" style=\"height:197px; width:315px\" /></p>\r\n\r\n<p>Giấy chứng nhận:&nbsp;</p>\r\n\r\n<p><img alt=\"\" src=\"http://13.250.127.178//storage/photos/1/GCN Động cơ/A1.PNG\" style=\"height:476px; width:350px\" /><img alt=\"\" src=\"http://13.250.127.178//storage/photos/1/GCN Động cơ/Vanh A1.PNG\" style=\"height:476px; width:349px\" /></p>',	'2020-11-24 08:36:53',	'2020-12-05 02:43:41',	'Động cơ Vespa nắp T9 bạc 10X2.15'),
(78,	26,	'cn',	'Vespa 电机',	'<p>额定转速:&nbsp;509 (圈/分钟)</p>\r\n\r\n<p>额定电压：60 （V）</p>\r\n\r\n<p>额定功率：800（W）</p>\r\n\r\n<p>最大功率：1580 (W)</p>\r\n\r\n<p>控制器：</p>\r\n\r\n<p><img alt=\"\" src=\"http://13.250.127.178//storage/photos/1/Bộ khiển/Xmen (2).png\" style=\"height:197px; width:350px\" /><img alt=\"\" src=\"http://13.250.127.178//storage/photos/1/Bộ khiển/Xmen.png\" style=\"height:197px; width:315px\" /></p>\r\n\r\n<p>证书：</p>\r\n\r\n<p><img alt=\"\" src=\"http://13.250.127.178//storage/photos/1/GCN Động cơ/A1.PNG\" style=\"height:476px; width:350px\" /><img alt=\"\" src=\"http://13.250.127.178//storage/photos/1/GCN Động cơ/Vanh A1.PNG\" style=\"height:476px; width:349px\" /></p>',	'2020-11-24 08:36:53',	'2020-12-05 02:43:41',	'10X2.15 银白T9盖Vespa电机'),
(79,	27,	'en',	'Pearlescent pigments',	NULL,	'2020-11-25 02:54:18',	'2020-11-25 02:54:18',	NULL),
(80,	27,	'vi',	'Bột camay (nhũ ánh kim)',	NULL,	'2020-11-25 02:54:18',	'2020-11-25 02:54:18',	NULL),
(81,	27,	'cn',	'珠光粉',	NULL,	'2020-11-25 02:54:18',	'2020-11-25 02:54:18',	NULL),
(82,	28,	'en',	'Sunrise Aluminum emulsion',	NULL,	'2020-11-25 06:07:32',	'2020-11-25 06:07:32',	NULL),
(83,	28,	'vi',	'Chất nhũ nhôm Sunrise',	NULL,	'2020-11-25 06:07:32',	'2020-11-25 06:07:32',	NULL),
(84,	28,	'cn',	'旭阳铝银浆',	NULL,	'2020-11-25 06:07:32',	'2020-11-25 06:07:32',	NULL),
(85,	29,	'en',	'Zuxing Aluminum emulsion',	NULL,	'2020-11-25 07:21:20',	'2020-11-25 07:21:20',	NULL),
(86,	29,	'vi',	'Chất nhũ Zuxing',	NULL,	'2020-11-25 07:21:20',	'2020-11-25 07:21:20',	NULL),
(87,	29,	'cn',	'族兴铝银浆',	NULL,	'2020-11-25 07:21:20',	'2020-11-25 07:21:20',	NULL),
(88,	30,	'en',	'Vespa Engine',	'<p>Nominal rotation speed：560 (r/min)</p>\r\n\r\n<p>Nominal Voltage：60 （V）</p>\r\n\r\n<p>Nominal power: 800 (W)</p>\r\n\r\n<p>Max power : 1400(W)</p>\r\n\r\n<p>IC:</p>\r\n\r\n<p><img alt=\"\" src=\"http://13.250.127.178//storage/photos/1/Bộ khiển/vespa.png\" style=\"height:263px; width:350px\" /><img alt=\"\" src=\"http://13.250.127.178//storage/photos/1/Bộ khiển/vespa (2).png\" style=\"height:263px; width:460px\" /></p>\r\n\r\n<p>Cetificate:</p>\r\n\r\n<p><img alt=\"\" src=\"http://13.250.127.178//storage/photos/1/GCN Động cơ/P1.PNG\" style=\"height:473px; width:350px\" /><img alt=\"\" src=\"http://13.250.127.178//storage/photos/1/GCN Động cơ/Vanh P1.PNG\" style=\"height:473px; width:346px\" /></p>',	'2020-11-26 06:47:59',	'2020-12-05 02:58:28',	'10X2.15 Vespa engine cover HTC silver'),
(89,	30,	'vi',	'Động cơ Vespa',	'<p>Tốc độ quay danh định (r/min):560</p>\r\n\r\n<p>Điện &aacute;p danh định (V): 60</p>\r\n\r\n<p>C&ocirc;ng suất danh định (W): 800</p>\r\n\r\n<p>C&ocirc;ng suất lớn nhất (W): 1400</p>\r\n\r\n<p>Bộ khiển:&nbsp;</p>\r\n\r\n<p><img alt=\"\" src=\"http://13.250.127.178//storage/photos/1/Bộ khiển/vespa.png\" style=\"height:225px; width:300px\" /><img alt=\"\" src=\"http://13.250.127.178//storage/photos/1/Bộ khiển/vespa (2).png\" style=\"height:225px; width:394px\" /></p>\r\n\r\n<p>Giấy chứng nhận:</p>\r\n\r\n<p><img alt=\"\" src=\"http://13.250.127.178//storage/photos/1/GCN Động cơ/P1.PNG\" style=\"height:473px; width:350px\" /><img alt=\"\" src=\"http://13.250.127.178//storage/photos/1/GCN Động cơ/Vanh P1.PNG\" style=\"height:473px; width:346px\" /></p>',	'2020-11-26 06:47:59',	'2020-12-05 02:58:28',	'Động cơ Vespa nắp HTC bạc 10X2.15'),
(90,	30,	'cn',	'Vespa 电机',	'<p>额定转速:&nbsp;560 (圈/分钟)</p>\r\n\r\n<p>额定电压：60 （V）</p>\r\n\r\n<p>额定功率：800（W）</p>\r\n\r\n<p>最大功率：1400 (W)</p>\r\n\r\n<p>控制器：</p>\r\n\r\n<p><img alt=\"\" src=\"http://13.250.127.178//storage/photos/1/Bộ khiển/vespa.png\" style=\"height:225px; width:300px\" /><img alt=\"\" src=\"http://13.250.127.178//storage/photos/1/Bộ khiển/vespa (2).png\" style=\"height:225px; width:394px\" /></p>\r\n\r\n<p>证书：</p>\r\n\r\n<p><img alt=\"\" src=\"http://13.250.127.178//storage/photos/1/GCN Động cơ/P1.PNG\" style=\"height:473px; width:350px\" /><img alt=\"\" src=\"http://13.250.127.178//storage/photos/1/GCN Động cơ/Vanh P1.PNG\" style=\"height:473px; width:346px\" /></p>',	'2020-11-26 06:47:59',	'2020-12-05 02:58:28',	'10X2.15 银白HTC盖Vespa电机'),
(91,	31,	'en',	'18inch engine',	'<p>Nominal rotation speed：130 (r/min)</p>\r\n\r\n<p>Nominal Voltage：48 （V）</p>\r\n\r\n<p>Nominal power: 200 (W)</p>\r\n\r\n<p>Max power : 250 (W)</p>\r\n\r\n<p>IC:</p>\r\n\r\n<p><img alt=\"\" src=\"http://13.250.127.178//storage/photos/1/Bộ khiển/127243588_725475771391856_6241404718859051561_n.jpg\" style=\"height:262px; width:350px\" /><img alt=\"\" src=\"http://13.250.127.178//storage/photos/1/Bộ khiển/127246992_4753414178032930_8217419704229551172_n.jpg\" style=\"height:262px; width:397px\" /></p>',	'2020-11-26 07:01:43',	'2020-11-26 07:49:24',	'18X2.125 Engine rim 18 star starfish black'),
(92,	31,	'vi',	'Động cơ vành 18',	'<p>Tốc độ quay danh định (r/min): 130</p>\r\n\r\n<p>Điện &aacute;p danh định (V): 48</p>\r\n\r\n<p>C&ocirc;ng suất danh định&nbsp;(W): 200</p>\r\n\r\n<p>C&ocirc;ng suất lớn nhất (W) : 250</p>\r\n\r\n<p>Bộ khiển:</p>\r\n\r\n<p><img alt=\"\" src=\"http://13.250.127.178//storage/photos/1/Bộ khiển/127243588_725475771391856_6241404718859051561_n.jpg\" style=\"height:262px; width:350px\" /><img alt=\"\" src=\"http://13.250.127.178//storage/photos/1/Bộ khiển/127246992_4753414178032930_8217419704229551172_n.jpg\" style=\"height:262px; width:397px\" /></p>',	'2020-11-26 07:01:43',	'2020-11-26 07:49:24',	'Động cơ vành 18 nắp sao biển đen 18X2.125'),
(93,	31,	'cn',	'18寸电机',	'<p>额定转速:&nbsp;130 (圈/分钟)</p>\r\n\r\n<p>额定电压：48 （V）</p>\r\n\r\n<p>额定功率：200（W）</p>\r\n\r\n<p>最大功率：250&nbsp; (W)</p>\r\n\r\n<p>控制器：</p>\r\n\r\n<p><img alt=\"\" src=\"http://13.250.127.178//storage/photos/1/Bộ khiển/127243588_725475771391856_6241404718859051561_n.jpg\" style=\"height:262px; width:350px\" /><img alt=\"\" src=\"http://13.250.127.178//storage/photos/1/Bộ khiển/127246992_4753414178032930_8217419704229551172_n.jpg\" style=\"height:262px; width:397px\" /></p>',	'2020-11-26 07:01:43',	'2020-11-26 07:49:24',	'18寸轮子电机'),
(94,	32,	'en',	'Vespa Engine',	'<p>Nominal rotation speed：469&nbsp;(r/min)</p>\r\n\r\n<p>Nominal Voltage：60 （V）</p>\r\n\r\n<p>Max&nbsp;power: 1100 (W)</p>\r\n\r\n<p>Nominal torque : 16, 3 (Nm)</p>\r\n\r\n<p>IC:</p>\r\n\r\n<p><img alt=\"\" src=\"http://13.250.127.178//storage/photos/1/Bộ khiển/Xmen (2).png\" style=\"height:197px; width:350px\" /><img alt=\"\" src=\"http://13.250.127.178//storage/photos/1/Bộ khiển/Xmen.png\" style=\"height:197px; width:315px\" /></p>\r\n\r\n<p>Cetificate:</p>\r\n\r\n<p><img alt=\"\" src=\"http://13.250.127.178//storage/photos/1/GCN Động cơ/X1.PNG\" style=\"height:478px; width:350px\" /><img alt=\"\" src=\"http://13.250.127.178//storage/photos/1/GCN Động cơ/Vanh X1.PNG\" style=\"height:478px; width:353px\" /></p>',	'2020-11-26 07:36:25',	'2020-12-05 02:36:07',	'10X2.15 Vespa engine with black rim, black bosch lid'),
(95,	32,	'vi',	'Động cơ Vespa',	'<p>&nbsp;</p>\r\n\r\n<p>Tốc độ quay danh định (r/min): 469</p>\r\n\r\n<p>Điện &aacute;p danh định (V): 60</p>\r\n\r\n<p>C&ocirc;ng suất lớn nhất (W): 1100</p>\r\n\r\n<p>M&ocirc; men xoắn danh định (Nm): 16,3</p>\r\n\r\n<p>Bộ khiển:</p>\r\n\r\n<p><img alt=\"\" src=\"http://13.250.127.178//storage/photos/1/Bộ khiển/Xmen (2).png\" style=\"height:197px; width:350px\" /><img alt=\"\" src=\"http://13.250.127.178//storage/photos/1/Bộ khiển/Xmen.png\" style=\"height:197px; width:315px\" /></p>\r\n\r\n<p>Giấy chứng nhận:</p>\r\n\r\n<p><img alt=\"\" src=\"http://13.250.127.178//storage/photos/1/GCN Động cơ/X1.PNG\" style=\"height:478px; width:350px\" /><img alt=\"\" src=\"http://13.250.127.178//storage/photos/1/GCN Động cơ/Vanh X1.PNG\" style=\"height:478px; width:353px\" /></p>',	'2020-11-26 07:36:25',	'2020-12-05 02:36:07',	'Động cơ Vespa vành đen nắp bosch đen 10X2.15'),
(96,	32,	'cn',	'Vespa 电机',	'<p>额定转速:&nbsp;469 (圈/分钟)</p>\r\n\r\n<p>额定电压：60 （V）</p>\r\n\r\n<p>最大功率：1100（W）</p>\r\n\r\n<p>额定扭力：16, 3&nbsp;(W)</p>\r\n\r\n<p>控制器：</p>\r\n\r\n<p><img alt=\"\" src=\"http://13.250.127.178//storage/photos/1/Bộ khiển/Xmen (2).png\" style=\"height:197px; width:350px\" /><img alt=\"\" src=\"http://13.250.127.178//storage/photos/1/Bộ khiển/Xmen.png\" style=\"height:197px; width:315px\" /></p>\r\n\r\n<p>证书：</p>\r\n\r\n<p><img alt=\"\" src=\"http://13.250.127.178//storage/photos/1/GCN Động cơ/X1.PNG\" style=\"height:478px; width:350px\" /><img alt=\"\" src=\"http://13.250.127.178//storage/photos/1/GCN Động cơ/Vanh X1.PNG\" style=\"height:478px; width:353px\" /></p>',	'2020-11-26 07:36:25',	'2020-12-05 02:36:07',	'10X2.15 雅黑Bosch盖Vespa电机'),
(97,	33,	'en',	'133 Engine',	'<p>Nominal rotation speed：450 (r/min)</p>\r\n\r\n<p>Nominal Voltage：48 （V）</p>\r\n\r\n<p>Nominal power: 400 (W)</p>\r\n\r\n<p>Max power : 950 (W)</p>\r\n\r\n<p>IC:</p>\r\n\r\n<p><img alt=\"\" src=\"http://13.250.127.178//storage/photos/1/Bộ khiển/Khien R1.png\" style=\"height:186px; width:350px\" /><img alt=\"\" src=\"http://13.250.127.178//storage/photos/1/Bộ khiển/Khien R1- 2.png\" style=\"height:186px; width:355px\" /></p>\r\n\r\n<p>Cetificate:</p>\r\n\r\n<p><img alt=\"\" src=\"http://13.250.127.178//storage/photos/1/GCN Động cơ/R1.PNG\" style=\"height:472px; width:350px\" /><img alt=\"\" src=\"http://13.250.127.178//storage/photos/1/GCN Động cơ/Vanh R1.PNG\" style=\"height:472px; width:354px\" /></p>',	'2020-11-26 08:07:04',	'2020-12-05 03:17:50',	'10X2.15 Engine 133 black rim black sun cover'),
(98,	33,	'vi',	'Động cơ 133',	'<p>&nbsp;</p>\r\n\r\n<p>Tốc độ quay danh định (r/min):450</p>\r\n\r\n<p>Điện &aacute;p danh định (V): 48</p>\r\n\r\n<p>C&ocirc;ng suất danh định (W): 400</p>\r\n\r\n<p>C&ocirc;ng suất lớn nhất (W): 950</p>\r\n\r\n<p>Bộ khiển:</p>\r\n\r\n<p><img alt=\"\" src=\"http://13.250.127.178//storage/photos/1/Bộ khiển/Khien R1.png\" style=\"height:186px; width:350px\" /><img alt=\"\" src=\"http://13.250.127.178//storage/photos/1/Bộ khiển/Khien R1- 2.png\" style=\"height:186px; width:355px\" /></p>\r\n\r\n<p>Giấy chứng nhận:</p>\r\n\r\n<p><img alt=\"\" src=\"http://13.250.127.178//storage/photos/1/GCN Động cơ/R1.PNG\" style=\"height:472px; width:350px\" /><img alt=\"\" src=\"http://13.250.127.178//storage/photos/1/GCN Động cơ/Vanh R1.PNG\" style=\"height:472px; width:354px\" /></p>',	'2020-11-26 08:07:04',	'2020-12-05 03:17:50',	'Động cơ 133 vành đen nắp mặt trời đen 10X2.15'),
(99,	33,	'cn',	'133 电机',	'<p>额定转速:&nbsp;450 (圈/分钟)</p>\r\n\r\n<p>额定电压：48 （V）</p>\r\n\r\n<p>额定功率：400（W）</p>\r\n\r\n<p>最大功率：950 (W)</p>\r\n\r\n<p>控制器：</p>\r\n\r\n<p><img alt=\"\" src=\"http://13.250.127.178//storage/photos/1/Bộ khiển/Khien R1.png\" style=\"height:186px; width:350px\" /><img alt=\"\" src=\"http://13.250.127.178//storage/photos/1/Bộ khiển/Khien R1- 2.png\" style=\"height:186px; width:355px\" /></p>\r\n\r\n<p>证书：</p>\r\n\r\n<p><img alt=\"\" src=\"http://13.250.127.178//storage/photos/1/GCN Động cơ/R1.PNG\" style=\"height:472px; width:350px\" /><img alt=\"\" src=\"http://13.250.127.178//storage/photos/1/GCN Động cơ/Vanh R1.PNG\" style=\"height:472px; width:354px\" /></p>',	'2020-11-26 08:07:04',	'2020-12-05 03:17:50',	'10X2.15 雅黑海星盖133电机'),
(100,	34,	'en',	'133S Engine',	'<p>Nominal rotation speed：490 (r/min)</p>\r\n\r\n<p>Nominal Voltage：48 （V）</p>\r\n\r\n<p>Nominal power: 600 (W)</p>\r\n\r\n<p>Max power : 1300 (W)</p>\r\n\r\n<p>IC:</p>\r\n\r\n<p><img alt=\"\" src=\"http://13.250.127.178//storage/photos/1/Bộ khiển/133S.png\" style=\"height:228px; width:350px\" /><img alt=\"\" src=\"http://13.250.127.178//storage/photos/1/Bộ khiển/133S (2).png\" style=\"height:228px; width:377px\" /></p>\r\n\r\n<p>Cetificate:</p>\r\n\r\n<p><img alt=\"\" src=\"http://13.250.127.178//storage/photos/1/GCN Động cơ/Z2.PNG\" style=\"height:465px; width:350px\" /><img alt=\"\" src=\"http://13.250.127.178//storage/photos/1/GCN Động cơ/Vanh Z2.PNG\" style=\"height:465px; width:347px\" /></p>',	'2020-11-26 08:23:13',	'2020-12-05 03:03:35',	'12X2.15 133S engine with black rim black lid'),
(101,	34,	'vi',	'Động cơ 133S',	'<p>&nbsp;</p>\r\n\r\n<p>Tốc độ quay danh định (r/min):490</p>\r\n\r\n<p>Điện &aacute;p danh định (V): 48</p>\r\n\r\n<p>C&ocirc;ng suất danh định (W): 600&nbsp;</p>\r\n\r\n<p>C&ocirc;ng suất lớn nhất (W): 1300</p>\r\n\r\n<p>Bộ khiển:&nbsp;</p>\r\n\r\n<p><img alt=\"\" src=\"http://13.250.127.178//storage/photos/1/Bộ khiển/133S.png\" style=\"height:228px; width:350px\" /><img alt=\"\" src=\"http://13.250.127.178//storage/photos/1/Bộ khiển/133S (2).png\" style=\"height:228px; width:377px\" /></p>\r\n\r\n<p>Giấy chứng nhận:</p>\r\n\r\n<p><img alt=\"\" src=\"http://13.250.127.178//storage/photos/1/GCN Động cơ/Z2.PNG\" style=\"height:465px; width:350px\" />&nbsp;<img alt=\"\" src=\"http://13.250.127.178//storage/photos/1/GCN Động cơ/Vanh Z2.PNG\" style=\"height:465px; width:347px\" /></p>',	'2020-11-26 08:23:13',	'2020-12-05 03:03:35',	'Động cơ 133S vành đen nắp mez đen 12X2.15'),
(102,	34,	'cn',	'133S 电机',	'<p>额定转速:&nbsp;490 (圈/分钟)</p>\r\n\r\n<p>额定电压：48 （V）</p>\r\n\r\n<p>额定功率：600（W）</p>\r\n\r\n<p>最大功率：1300 (W)</p>\r\n\r\n<p>控制器：</p>\r\n\r\n<p><img alt=\"\" src=\"http://13.250.127.178//storage/photos/1/Bộ khiển/133S.png\" style=\"height:228px; width:350px\" /><img alt=\"\" src=\"http://13.250.127.178//storage/photos/1/Bộ khiển/133S (2).png\" style=\"height:228px; width:377px\" /></p>\r\n\r\n<p>证书：</p>\r\n\r\n<p><img alt=\"\" src=\"http://13.250.127.178//storage/photos/1/GCN Động cơ/Z2.PNG\" style=\"height:465px; width:350px\" /><img alt=\"\" src=\"http://13.250.127.178//storage/photos/1/GCN Động cơ/Vanh Z2.PNG\" style=\"height:465px; width:347px\" /></p>',	'2020-11-26 08:23:13',	'2020-12-05 03:03:35',	'12X2.15 雅黑Mez盖133S电机');

DROP TABLE IF EXISTS `reviews`;
CREATE TABLE `reviews` (
  `id` bigint(20) unsigned NOT NULL AUTO_INCREMENT,
  `name` varchar(191) COLLATE utf8mb4_unicode_ci NOT NULL,
  `image` varchar(191) COLLATE utf8mb4_unicode_ci DEFAULT NULL,
  `info` varchar(191) COLLATE utf8mb4_unicode_ci NOT NULL,
  `created_at` timestamp NULL DEFAULT NULL,
  `updated_at` timestamp NULL DEFAULT NULL,
  PRIMARY KEY (`id`)
) ENGINE=InnoDB DEFAULT CHARSET=utf8mb4 COLLATE=utf8mb4_unicode_ci;

INSERT INTO `reviews` (`id`, `name`, `image`, `info`, `created_at`, `updated_at`) VALUES
(2,	'Nguyễn Phúc Thiện',	'http://13.250.127.178//storage/photos/1/reviews/tinh-van_1429581664.jpg',	'Chung cư The K-Park',	'2020-09-21 08:27:17',	'2020-09-21 08:27:17'),
(3,	'Tố Nga',	'http://13.250.127.178//storage/photos/1/reviews/anh-vuong_1429581998.jpg',	'Park City',	'2020-09-21 08:28:59',	'2020-09-21 08:28:59');

DROP TABLE IF EXISTS `review_translations`;
CREATE TABLE `review_translations` (
  `id` bigint(20) unsigned NOT NULL AUTO_INCREMENT,
  `review_id` int(11) NOT NULL,
  `locale` varchar(191) COLLATE utf8mb4_unicode_ci NOT NULL,
  `content` text COLLATE utf8mb4_unicode_ci NOT NULL,
  `created_at` timestamp NULL DEFAULT NULL,
  `updated_at` timestamp NULL DEFAULT NULL,
  PRIMARY KEY (`id`)
) ENGINE=InnoDB DEFAULT CHARSET=utf8mb4 COLLATE=utf8mb4_unicode_ci;

INSERT INTO `review_translations` (`id`, `review_id`, `locale`, `content`, `created_at`, `updated_at`) VALUES
(5,	2,	'en',	'Trust in HFT\'s products and services',	'2020-09-21 08:27:17',	'2020-09-21 08:27:17'),
(6,	2,	'vi',	'Rất tin tưởng vào sản phẩm và dịch vụ bên HFT',	'2020-09-21 08:27:17',	'2020-09-21 08:27:17'),
(7,	2,	'en',	'Trust in HFT\'s products and services',	'2020-09-21 08:27:17',	'2020-09-21 08:27:17'),
(8,	2,	'cn',	'信任HFT的产品和服务',	'2020-09-21 08:27:17',	'2020-09-21 08:27:17'),
(9,	3,	'en',	'I have consulted the prices in many places, but found that HFT is the most reasonable price. Especially, I bought a motorbike engine under the discount program of HFT, so the cost is also reduced quite a lot!',	'2020-09-21 08:28:59',	'2020-09-21 08:28:59'),
(10,	3,	'vi',	'Mình đã tham khảo giá nhiều nơi nhưng thấy bên HFT là giá cả hợp lý nhất. Đặc biệt là mình mua động cơ xe máy theo chương trình giảm giá của bên HFT nên chi phí cũng giảm đi khá nhiều!',	'2020-09-21 08:28:59',	'2020-09-21 08:28:59'),
(11,	3,	'en',	'I have consulted the prices in many places, but found that HFT is the most reasonable price. Especially, I bought a motorbike engine under the discount program of HFT, so the cost is also reduced quite a lot!',	'2020-09-21 08:28:59',	'2020-09-21 08:28:59'),
(12,	3,	'cn',	'我在很多地方咨询过价格，但发现高频交易方是最合理的价格。 特别是我在HFT的折扣计划下购买了摩托车发动机，因此成本也大大降低了！',	'2020-09-21 08:28:59',	'2020-09-21 08:28:59');

DROP TABLE IF EXISTS `settings`;
CREATE TABLE `settings` (
  `id` bigint(20) unsigned NOT NULL AUTO_INCREMENT,
  `key` varchar(191) COLLATE utf8mb4_unicode_ci NOT NULL,
  `value` text COLLATE utf8mb4_unicode_ci,
  `created_at` timestamp NULL DEFAULT NULL,
  `updated_at` timestamp NULL DEFAULT NULL,
  PRIMARY KEY (`id`)
) ENGINE=InnoDB DEFAULT CHARSET=utf8mb4 COLLATE=utf8mb4_unicode_ci;

INSERT INTO `settings` (`id`, `key`, `value`, `created_at`, `updated_at`) VALUES
(1,	'company_name',	NULL,	NULL,	NULL),
(2,	'about',	NULL,	NULL,	NULL),
(3,	'logo',	'http://13.250.127.178//storage/photos/1/common/logo_tran.png',	NULL,	'2020-10-20 02:22:21'),
(4,	'favicon',	'http://13.250.127.178//storage/photos/1/common/logo.png',	NULL,	'2020-10-06 02:31:13'),
(5,	'email',	'hftvietnam.co@gmail.com',	NULL,	'2021-01-04 01:36:00'),
(6,	'phone',	'024.33542250',	NULL,	'2020-11-13 08:42:27'),
(7,	'banner1',	'http://13.250.127.178//storage/photos/1/banner/4-min.jpg',	NULL,	'2020-09-21 04:27:54'),
(8,	'banner2',	'http://13.250.127.178//storage/photos/1/banner/5-min.jpg',	NULL,	'2020-09-21 04:27:54'),
(9,	'about2',	NULL,	NULL,	NULL),
(10,	'show_room',	'<p><strong>H&agrave; Nội:</strong></p>\r\n\r\n<ul>\r\n	<li>131 Trần Ph&uacute;, H&agrave; Đ&ocirc;ng, H&agrave; Nội, Việt Nam</li>\r\n</ul>\r\n\r\n<p><strong>Hồ Ch&iacute; Minh</strong></p>\r\n\r\n<ul>\r\n	<li>324 B&igrave;nh Lợi, phường 13, quận B&igrave;nh Thạnh, Th&agrave;nh phố Hồ Ch&iacute; Minh, Việt Nam.</li>\r\n</ul>',	NULL,	'2020-09-21 07:07:44'),
(11,	'time_working',	'<p><strong>T2 -T7: 8h- 17h</strong></p>',	NULL,	'2020-12-05 06:52:11');

DROP TABLE IF EXISTS `setting_translations`;
CREATE TABLE `setting_translations` (
  `id` bigint(20) unsigned NOT NULL AUTO_INCREMENT,
  `setting_id` varchar(191) COLLATE utf8mb4_unicode_ci NOT NULL,
  `locale` varchar(191) COLLATE utf8mb4_unicode_ci NOT NULL,
  `detail` text COLLATE utf8mb4_unicode_ci,
  `created_at` timestamp NULL DEFAULT NULL,
  `updated_at` timestamp NULL DEFAULT NULL,
  PRIMARY KEY (`id`)
) ENGINE=InnoDB DEFAULT CHARSET=utf8mb4 COLLATE=utf8mb4_unicode_ci;

INSERT INTO `setting_translations` (`id`, `setting_id`, `locale`, `detail`, `created_at`, `updated_at`) VALUES
(1,	'1',	'vi',	'CÔNG TY TNHH H.F.T VIỆT NAM',	NULL,	'2020-09-25 06:58:26'),
(2,	'1',	'en',	'H.F.T VIETNAM COMPANY LIMITED',	NULL,	'2020-09-25 06:58:26'),
(3,	'1',	'cn',	'越南H.F.T 有限责任公司',	NULL,	'2020-11-13 08:36:56'),
(4,	'2',	'vi',	'<p>C&ocirc;ng ty TNHH H.F.T Việt Nam được th&agrave;nh lập v&agrave;o ng&agrave;y 15/01/2008. Trải qua hơn 10 năm hoạt động, ph&aacute;t triển trong lĩnh vực h&oacute;a chất v&agrave; sản xuất, lắp r&aacute;p động cơ xe đạp điện, xe m&aacute;y điện. H.F.T tự h&agrave;o được đ&aacute;nh gi&aacute; l&agrave; một trong những đơn vị sản xuất động cơ xe m&aacute;y điện, xe đạp điện tốt nhất tr&ecirc;n thị trường hiện nay.</p>\r\n\r\n<p>Trong lĩnh vực h&oacute;a chất, H.F.T<strong> </strong>chuy&ecirc;n cung cấp c&aacute;c loại phụ gia cho ng&agrave;nh sản xuất sơn như:Sơn tr&ecirc;n gỗ, sơn s&agrave;n, sơn t&agrave;u biển, sơn &ocirc; t&ocirc;, sơn xe m&aacute;y, sơn tr&ecirc;n k&iacute;nh, sơn tấm lợp v&agrave; sơn tr&ecirc;n c&aacute;c chất liệu như săt, th&eacute;p, inox, nhựa,... Sản phẩm của H.F.T l&agrave; những sản phẩm đ&atilde; c&oacute; mặt tr&ecirc;n thị trường nhiều năm, được tuyển chọn từ những nh&agrave; cung cấp lớn v&agrave; c&oacute; uy t&iacute;n tr&ecirc;n thị trường.</p>\r\n\r\n<p>H.F.T lu&ocirc;n lu&ocirc;n cam kết mang tới cho kh&aacute;ch h&agrave;ng sự y&ecirc;n t&acirc;m về chất lượng, hợp l&yacute; về gi&aacute; cả v&agrave; h&agrave;i l&ograve;ng về cung c&aacute;ch l&agrave;m việc cũng như th&aacute;i độ phục vụ.</p>',	NULL,	'2020-11-13 08:44:47'),
(5,	'2',	'en',	'<p style=\"text-align:justify\">Founded on January 15th, 2008,<strong> </strong>H.F.T Vietnam Co. Ltd has more than 10 years of working and developing in the areas of chemical production and electric bike/scooter&rsquo;s engine assembling. H.F.T is proud to be regarded as one of the best manufacturers to produce engines of electric bike/scooter in the market.</p>\r\n\r\n<p style=\"text-align:justify\">In chemical production, H.F.T provides additives for paint manufacturing industry: wood paint, floor paint, marine ship paint, car paint, motorbike paint, glass paint, roof paint, metal paint (such as: iron, steel, stainless steel, etc.) and resin paint. Our products have been selected and distributed by huge well-known providers in the market for such a long time.</p>\r\n\r\n<p style=\"text-align:justify\">H.F.T always promises to bring the assurance of quality, the reasonability of price and the satisfaction of working culture and service attitude to our customers.</p>',	NULL,	'2020-11-13 08:44:47'),
(6,	'2',	'cn',	'<p style=\"text-align:justify\">越南H.F.T有限责任公司成立于2008年1月15日。经过十多年在化工和生产、装配电动车专用电机领域的经营及发展。 H.F.T自豪地被评为当今在市场上生产与装配电动车专用电机的最优质单位之一。</p>\r\n\r\n<p style=\"text-align:justify\">在化工领域，HFT专门为涂料行业提供各种助剂，例如：木器漆，地板漆，船舶漆，汽车漆，摩托车漆，玻璃漆，彩钢漆及能在许多材质上使用的如铁、钢、不锈钢、塑料等材料。H.F.T的产品已投放市场多年，所有产品都是从市场上具有信誉良好的供应商中抽选出来的。</p>\r\n\r\n<p style=\"text-align:justify\">H.F.T 始终保证为客户提供高性价比的产品，让客户对我们的工作方式和服 务态度觉得满意。</p>',	NULL,	'2020-11-18 10:25:58'),
(7,	'9',	'vi',	'<h3 style=\"text-align:center\">VỀ CH&Uacute;NG T&Ocirc;I</h3>\r\n\r\n<p style=\"text-align:justify\">C&ocirc;ng ty TNHH&nbsp;H.F.T Việt Nam được th&agrave;nh lập v&agrave;o ng&agrave;y 15/01/2008. Trải qua hơn 10 năm hoạt động, ph&aacute;t triển trong lĩnh vực h&oacute;a chất v&agrave; sản xuất, lắp r&aacute;p động cơ xe đạp điện, xe m&aacute;y điện, H.F.T đ&atilde; vạch ra cho m&igrave;nh hướng đi đồng điệu với nhu cầu ph&aacute;t triển của hầu hết c&aacute;c quốc gia tr&ecirc;n thế giới. Hiện nay Ch&iacute;nh phủ lu&ocirc;n khuyến kh&iacute;ch v&agrave; tạo điều kiện để c&aacute;c doanh nghiệp ph&aacute;t triển những sản phẩm mang t&iacute;nh th&acirc;n thiện với thi&ecirc;n nhi&ecirc;n, bảo vệ m&ocirc;i trường sống cho thế hệ sau n&agrave;y. Ch&iacute;nh v&igrave; vậy m&agrave; những sản phẩm chạy bằng năng lượng điện ng&agrave;y c&agrave;ng được ưa chuộng v&agrave; sử dụng phổ th&ocirc;ng hơn với mục ti&ecirc;u trong tương lai c&oacute; thể thay thế dần c&aacute;c loại động cơ chạy bằng xăng, dầu,.. H.F.T tự h&agrave;o l&agrave; một trong những đơn vị sản xuất động cơ xe m&aacute;y điện, xe đạp điện tốt nhất tr&ecirc;n thị trường hiện nay, g&oacute;p phần bảo vệ m&ocirc;i trường sống cho thế hệ con em trong tương lai cũng như s&aacute;t c&aacute;nh c&ugrave;ng những doanh nghiệp sản xuất xe điện ph&aacute;t triển bền vững v&agrave; lớn mạnh kh&ocirc;ng ngừng. Động cơ H.F.T gắn liền với một số thương hiệu xe điện nổi tiếng như BEFORE ALL, DƯƠNG TIẾN PH&Aacute;T, YADEA, VINA TH&Aacute;i, MICHI BIKE,.....</p>\r\n\r\n<p style=\"text-align:justify\">Trong lĩnh vực h&oacute;a chất, H.F.T chuy&ecirc;n cung cấp c&aacute;c loại phụ gia cho ng&agrave;nh sản xuất sơn như: Sơn s&agrave;n, sơn t&agrave;u biển, sơn &ocirc; t&ocirc;, sơn tr&ecirc;n k&iacute;nh,... v&agrave; phục vụ cho một số ng&agrave;nh như sản xuất mực in, da gi&agrave;y, cao su,&hellip; Sản phẩm của H.F.T l&agrave; những sản phẩm đ&atilde; c&oacute; mặt tr&ecirc;n thị trường nhiều năm v&agrave; được tuyển chọn từ những nh&agrave; cung cấp lớn. C&oacute; thể nhắc tới một số thương hiệu nổi tiếng như: Taiga Additives, 3D Bio-Chem, Sunrise, Zuxing, Kuncai&hellip;Sản phẩm h&oacute;a chất của H.F.T đ&atilde; nhận được sự tin tưởng v&agrave; gắn b&oacute; của những doanh nghiệp lớn tại Việt Nam như: C&ocirc;ng ty TNHH Nippon Paint Việt Nam, C&ocirc;ng ty Cổ phần sơn Hải Ph&ograve;ng, C&ocirc;ng ty TNHH sản xuất sơn Phoenix, C&ocirc;ng ty TNHH C&ocirc;ng Nghiệp Brilliant, C&ocirc;ng ty TNHH Daigaku, C&ocirc;ng ty TNHH Thương mại Dịch vụ Sản xuất Hải Th&agrave;nh C&ocirc;ng ...</p>\r\n\r\n<p style=\"text-align:justify\"><strong>H.F.T lu&ocirc;n lu&ocirc;n cam kết mang tới cho kh&aacute;ch h&agrave;ng sự y&ecirc;n t&acirc;m về chất lượng, hợp l&yacute; về gi&aacute; cả v&agrave; h&agrave;i l&ograve;ng về cung c&aacute;ch l&agrave;m việc cũng như th&aacute;i độ phục vụ.&nbsp;</strong></p>\r\n\r\n<p>&nbsp;</p>',	NULL,	'2020-11-18 04:19:19'),
(8,	'9',	'en',	'<p style=\"text-align:center\"><strong>ABOUT US</strong></p>\r\n\r\n<p style=\"text-align:justify\"><br />\r\nH.F.T Vietnam Company Limited was established on January 15, 2008. Over 10 years of operation, development in the field of chemicals and manufacturing and assembling electric bicycles and electric motorbikes, HFT has outlined a direction in line with the development needs of most Country in the world. Currently, the Government always encourages and creates conditions for businesses to develop products friendly to nature, protecting the living environment for the next generation. That is why electric-powered products are increasingly popular and more popular with the goal of being able to gradually replace engines powered by gasoline, oil, etc. in the future. One of the best manufacturers of electric motorbikes and electric bicycles on the market today, contributing to protecting the living environment for future generations of children as well as working side by side with car manufacturers. electricity develops steadily and grows continuously. H.F.T engine is associated with some famous electric car brands such as BEFORE ALL, DUONG TIEN PHAT, YADEA, VINA THAI, MICHI BIKE, .....</p>\r\n\r\n<p style=\"text-align:justify\">In the chemical field, HFT specializes in providing additives for the paint industry such as floor paint, marine paint, automobile paint, paint on glass, ... and serves a number of industries such as ink production. printing, footwear, rubber, ... HFT products are those that have been on the market for many years and are selected from major suppliers. Some famous brands such as: Taiga Additives, 3D Bio-Chem, Kuncai, Zuxing, Sunrise&nbsp;... HFT&#39;s chemical products have received the trust and loyalty of businesses. in Vietnam such as: Nippon Paint Vietnam Company Limited, Hai Phong Paint Joint Stock Company, Phoenix Paint Production Company Limited (Vietnam), Brilliant Industry Company Limited, Daigaku (Vietnam) Company Limited, Hai Thanh Cong Production Service Trading Co., Ltd ...</p>\r\n\r\n<p style=\"text-align:justify\">H.F.T always commits to giving customers the peace of mind about quality, reasonable price and satisfaction with working style as well as service attitude.</p>',	NULL,	'2020-11-18 04:14:58'),
(9,	'9',	'cn',	'<p style=\"text-align:center\"><strong>关于我们</strong></p>\r\n\r\n<p style=\"text-align:justify\"><br />\r\n越南H.F.T有限责任公司成立于2008年1月15日。在化工，制造和组装电动自行车和电动摩托车领域的十多年运营和发展过程中，HFT概述了符合大多数汽车发展需求的方向世界上的国家。当前，政府始终鼓励和创造条件，为企业开发对自然友好的产品，保护下一代的生活环境。因此，电机产品越来越受欢迎，其目标是将来能够逐步替代以汽油，石油等为动力的电机。目前在市场上是最好的电动摩托车和电动自行车制造商之一，为保护子孙后代的居住环境以及与汽车制造商并肩工作做出了贡献，共同稳步发展并持续增长。 H.F.T电机已经收到许多著名电动车公司的信任，例如BEFORE ALL，DUONG TIEN PHAT，YADEA，VINA THAI，MICHI BIKE等。</p>\r\n\r\n<p style=\"text-align:justify\">在化学领域，HFT专门为涂料行业提供助剂，例如地坪漆，船用涂料，汽车漆，玻璃专用涂料，并为许多行业服务，例如油墨生产、印刷、鞋类、橡胶等... HFT产品是已投放市场多年的产品，并从具有名望的供应商中抽选出来，例如泰格助剂、3D生物化学、旭阳、族兴、坤彩等。&nbsp;HFT的化学产品赢得了各企业的信任和忠诚。立邦漆越南有限公司，海防漆股份公司，凤凰涂料生产有限公司，辉煌工业有限公司，大作有限公司，海成功生产服务贸易有限公司等都是我们公司多年的合作伙伴。</p>\r\n\r\n<p style=\"text-align:justify\">H.F.T 始终保证为客户提供高性价比的产品，让客户对我们的工作方式和服 务态度觉得满意。</p>\r\n\r\n<p>&nbsp;</p>',	NULL,	'2020-11-18 04:19:19'),
(10,	'10',	'vi',	'<p><strong>H&agrave; Nội:</strong></p>\r\n\r\n<ul>\r\n	<li><strong>Trụ sở:&nbsp;</strong>104B-A3 Kim Giang, phường Kim Giang, quận Thanh Xu&acirc;n, TP H&agrave; Nội, Việt Nam</li>\r\n	<li><strong>Văn ph&ograve;ng giao dịch:</strong> 131 Trần Ph&uacute;, H&agrave; Đ&ocirc;ng, H&agrave; Nội, Việt Nam</li>\r\n	<li><strong>SĐT : </strong>024.33542250&nbsp; &nbsp;-&nbsp;&nbsp;<strong>Fax:</strong>&nbsp;024.33542258</li>\r\n	<li><strong>Hotline: </strong>0943 863 377</li>\r\n</ul>\r\n\r\n<p><strong>Hồ Ch&iacute; Minh:</strong></p>\r\n\r\n<ul>\r\n	<li><strong>&nbsp;Địa chỉ:</strong> 324 B&igrave;nh Lợi, phường 13, quận B&igrave;nh Thạnh, Th&agrave;nh phố Hồ Ch&iacute; Minh, Việt Nam</li>\r\n	<li><strong>SĐT:</strong> 028.36365844&nbsp; &nbsp; &nbsp; &nbsp; &nbsp; &nbsp; &nbsp; &nbsp; &nbsp; &nbsp; &nbsp; &nbsp; &nbsp; &nbsp; &nbsp; &nbsp; &nbsp; &nbsp; &nbsp; &nbsp; &nbsp; &nbsp; &nbsp; &nbsp; &nbsp; &nbsp; &nbsp; &nbsp; &nbsp; &nbsp; &nbsp; &nbsp; &nbsp; &nbsp; &nbsp; &nbsp; &nbsp; &nbsp; &nbsp; &nbsp; &nbsp; &nbsp; &nbsp; &nbsp; &nbsp; &nbsp; &nbsp; &nbsp; &nbsp; &nbsp; &nbsp; &nbsp; &nbsp; &nbsp; &nbsp; &nbsp; &nbsp; &nbsp; &nbsp; &nbsp; &nbsp; &nbsp; &nbsp; &nbsp; &nbsp; &nbsp; &nbsp; &nbsp; &nbsp; &nbsp; &nbsp; &nbsp; &nbsp; &nbsp; &nbsp; &nbsp; &nbsp; &nbsp; &nbsp; &nbsp; &nbsp; &nbsp; &nbsp; &nbsp; &nbsp; &nbsp; &nbsp; &nbsp; &nbsp; &nbsp; &nbsp; &nbsp; &nbsp; &nbsp; &nbsp; &nbsp;&nbsp;</li>\r\n</ul>\r\n\r\n<p><strong>Địa chỉ nh&agrave; xưởng:&nbsp;</strong>&nbsp;KCN Phố Nối A, Quốc lộ 5, X. Giai Phạm, H. Y&ecirc;n Mỹ, T. Hưng Y&ecirc;n&nbsp;</p>',	NULL,	'2020-11-23 08:02:52'),
(11,	'10',	'en',	'<p>&nbsp;</p>\r\n\r\n<ul>\r\n	<li><strong>Headquater</strong><strong>:</strong>&nbsp;No. 104B-A3, Kim Giang Str, Kim Giang Ward, Thanh Xuan District, Hanoi City, Vietnam</li>\r\n	<li><strong>Business office:</strong> 131 Tran Phu Str , Ha Dong District, Hanoi, Vietnam</li>\r\n	<li><strong>Tel: </strong>024.33542250&nbsp; -&nbsp; &nbsp; &nbsp;<strong>Fax:</strong>&nbsp;024.33542258</li>\r\n	<li><strong>Hotline: </strong>0943 863 377</li>\r\n	<li><strong>Ho Chi Minh office: </strong>No.<strong>&nbsp;</strong>324, Binh Loi Str, Ward 13, Binh Thanh District, Ho Chi Minh City, Vietnam</li>\r\n	<li><strong>Tel/Fax:&nbsp;</strong>028.36365844</li>\r\n	<li><strong>Factory:</strong> Pho Noi A Industrial Park, Highway 5, Giai Pham Commune,&nbsp; Yen My District, Hung Yen Province</li>\r\n</ul>\r\n\r\n<p>&nbsp;</p>',	NULL,	'2020-11-23 07:59:54'),
(12,	'10',	'cn',	'<p><strong>驻地&nbsp; &nbsp; &nbsp; &nbsp; &nbsp; &nbsp; &nbsp; &nbsp;：</strong>越南河内市青春郡金江坊金江路 104B-A3 号</p>\r\n\r\n<p><strong>交易办公室&nbsp; &nbsp; ：</strong>越南河内市河东郡陈富街131号</p>\r\n\r\n<p><strong>电话&nbsp; &nbsp; &nbsp; &nbsp; &nbsp; &nbsp; &nbsp; &nbsp;：</strong>&nbsp;024.33542250&nbsp; -&nbsp; <strong>传真：</strong>&nbsp;024.33542258</p>\r\n\r\n<p><strong>热线&nbsp; &nbsp; &nbsp; &nbsp; &nbsp; &nbsp; &nbsp; &nbsp;：</strong>0943 863 377</p>\r\n\r\n<p><strong>胡志明办公司 ：</strong>越南胡志明市平盛郡13坊平利 324号</p>\r\n\r\n<p><strong>电话/传真&nbsp; &nbsp; &nbsp; &nbsp; :</strong>&nbsp; 028.36365844</p>\r\n\r\n<p><strong>工厂地址&nbsp; &nbsp; &nbsp; &nbsp; &nbsp;：</strong>兴安省安美县佳范乡5号公路 Pho Noi A工业区</p>',	NULL,	'2020-11-23 08:02:52');

DROP TABLE IF EXISTS `sliders`;
CREATE TABLE `sliders` (
  `id` bigint(20) unsigned NOT NULL AUTO_INCREMENT,
  `image` varchar(191) COLLATE utf8mb4_unicode_ci DEFAULT NULL,
  `url` varchar(191) COLLATE utf8mb4_unicode_ci DEFAULT NULL,
  `order` varchar(191) COLLATE utf8mb4_unicode_ci DEFAULT NULL,
  `created_at` timestamp NULL DEFAULT NULL,
  `updated_at` timestamp NULL DEFAULT NULL,
  PRIMARY KEY (`id`)
) ENGINE=InnoDB DEFAULT CHARSET=utf8mb4 COLLATE=utf8mb4_unicode_ci;

INSERT INTO `sliders` (`id`, `image`, `url`, `order`, `created_at`, `updated_at`) VALUES
(1,	'http://13.250.127.178//storage/photos/1/sliders/6.jpg',	NULL,	'1',	'2020-09-21 04:06:25',	'2020-10-06 02:37:33'),
(2,	'http://13.250.127.178//storage/photos/1/sliders/4-min.jpg',	NULL,	'2',	'2020-09-21 04:11:11',	'2020-12-04 03:52:00'),
(3,	'http://13.250.127.178//storage/photos/1/sliders/5-min.jpg',	NULL,	'3',	'2020-09-21 04:15:13',	'2020-09-21 04:15:13'),
(4,	'http://13.250.127.178//storage/photos/1/products/Chemistry/slide4.jpg',	NULL,	'4',	'2020-09-21 04:18:19',	'2020-11-18 01:42:06'),
(5,	'http://13.250.127.178//storage/photos/1/products/Chemistry/slide5.jpg',	NULL,	'5',	'2020-09-21 04:20:19',	'2020-11-18 01:42:29');

DROP TABLE IF EXISTS `slider_translations`;
CREATE TABLE `slider_translations` (
  `id` bigint(20) unsigned NOT NULL AUTO_INCREMENT,
  `slider_id` int(11) NOT NULL,
  `locale` varchar(191) COLLATE utf8mb4_unicode_ci NOT NULL,
  `text1` text COLLATE utf8mb4_unicode_ci,
  `text2` text COLLATE utf8mb4_unicode_ci,
  `text3` text COLLATE utf8mb4_unicode_ci,
  `created_at` timestamp NULL DEFAULT NULL,
  `updated_at` timestamp NULL DEFAULT NULL,
  PRIMARY KEY (`id`)
) ENGINE=InnoDB DEFAULT CHARSET=utf8mb4 COLLATE=utf8mb4_unicode_ci;

INSERT INTO `slider_translations` (`id`, `slider_id`, `locale`, `text1`, `text2`, `text3`, `created_at`, `updated_at`) VALUES
(61,	4,	'vi',	'Chúng tôi chuyên cung cấp',	'Hóa chất',	'Sản phẩm của H.F.T là những sản phẩm đã có mặt trên thị trường nhiều năm và được tuyển chọn từ những nhà cung cấp lớn',	'2020-11-18 01:42:06',	'2020-11-18 01:42:06'),
(62,	4,	'en',	'We specialize in the supply',	'Chemistry',	'H.F.T\'s products are products that have been in the market for many years and selected from major suppliers',	'2020-11-18 01:42:06',	'2020-11-18 01:42:06'),
(63,	4,	'cn',	'我们专注于供应',	'化学',	'H.F.T的产品已投放市场多年，所有产品都从市场上的具有信誉和名望良好的供应商中抽选出来的',	'2020-11-18 01:42:06',	'2020-11-18 01:42:06'),
(64,	5,	'vi',	'Mang đến sự',	'Hài lòng',	'H.F.T luôn luôn cam kết mang tới cho khách hàng sự yên tâm về chất lượng, hợp lý về giá cả và hài lòng về cung cách làm việc cũng như thái độ phục vụ.',	'2020-11-18 01:42:29',	'2020-11-18 01:42:29'),
(65,	5,	'en',	'Bring to the',	'Satisfied',	'H.F.T is always committed to providing customers with peace of mind in terms of quality, reasonable prices and satisfaction with the way they work and the attitude of service.',	'2020-11-18 01:42:29',	'2020-11-18 01:42:29'),
(66,	5,	'cn',	'让客户',	'满意',	'H.F.T始终保证为客户提供高性价比的产品，让客户对我们的工作方式和服务态度觉得满意',	'2020-11-18 01:42:29',	'2020-11-18 01:42:29'),
(70,	1,	'vi',	NULL,	'Công ty TNHH H.F.T Việt Nam',	'Sự lựa chọn tốt nhất dành cho bạn!',	'2020-11-23 04:36:20',	'2020-11-23 04:36:20'),
(71,	1,	'en',	NULL,	'H.F.T Vietnam Company Limited',	'The best choice for you!',	'2020-11-23 04:36:20',	'2020-11-23 04:36:20'),
(72,	1,	'cn',	NULL,	'越南H.F.T有限责任公司',	'为您的最佳选择！',	'2020-11-23 04:36:20',	'2020-11-23 04:36:20'),
(73,	3,	'vi',	'Chúng tôi chuyên cung cấp',	'Động cơ',	'Tự hào là một trong những đơn vị sản xuất Động Cơ Xe Điện tốt nhất trên thị trường hiện nay',	'2020-12-04 03:41:07',	'2020-12-04 03:41:07'),
(74,	3,	'en',	'We specialize in the supply',	'Engine',	'Proud to be one of the best electric motorbike and electric bicycle motor manufacturing units on the market today',	'2020-12-04 03:41:07',	'2020-12-04 03:41:07'),
(75,	3,	'cn',	'我们专注于供应',	'电机',	'H.F.T很荣幸被认为目前在市场上是生产与装配电动车专用电机的最佳企业之一',	'2020-12-04 03:41:07',	'2020-12-04 03:41:07'),
(76,	2,	'vi',	NULL,	'Chất lượng hàng đầu',	'Động cơ H.F.T gắn liền với một số thương hiệu xe điện nổi tiếng như BEFORE ALL, DƯƠNG TIẾN PHÁT, YADEA, VINA THÁI, MICHI BIKE,...',	'2020-12-04 03:52:00',	'2020-12-04 03:52:00'),
(77,	2,	'en',	NULL,	'The best quality',	'H.F.T engine is associated with some famous electric vehicle brands such as BEFORE ALL, DUONG TIEN PHAT, YADEA, VINA THAI, MICHI BIKE.....',	'2020-12-04 03:52:00',	'2020-12-04 03:52:00'),
(78,	2,	'cn',	NULL,	'最好的质量',	'H.F.T电机已经受到许多著名电动车公司的信任，例如BEFORE ALL，DUONG TIEN PHAT，YADEA，VINA THAI，MICHI BIKE等',	'2020-12-04 03:52:00',	'2020-12-04 03:52:00');

DROP TABLE IF EXISTS `users`;
CREATE TABLE `users` (
  `id` bigint(20) unsigned NOT NULL AUTO_INCREMENT,
  `name` varchar(191) COLLATE utf8mb4_unicode_ci NOT NULL,
  `email` varchar(191) COLLATE utf8mb4_unicode_ci NOT NULL,
  `email_verified_at` timestamp NULL DEFAULT NULL,
  `password` varchar(191) COLLATE utf8mb4_unicode_ci NOT NULL,
  `phone` varchar(191) COLLATE utf8mb4_unicode_ci NOT NULL,
  `avatar` varchar(191) COLLATE utf8mb4_unicode_ci NOT NULL,
  `role` int(11) NOT NULL DEFAULT '2',
  `remember_token` varchar(100) COLLATE utf8mb4_unicode_ci DEFAULT NULL,
  `created_at` timestamp NULL DEFAULT NULL,
  `updated_at` timestamp NULL DEFAULT NULL,
  PRIMARY KEY (`id`),
  UNIQUE KEY `users_email_unique` (`email`)
) ENGINE=InnoDB DEFAULT CHARSET=utf8mb4 COLLATE=utf8mb4_unicode_ci;

INSERT INTO `users` (`id`, `name`, `email`, `email_verified_at`, `password`, `phone`, `avatar`, `role`, `remember_token`, `created_at`, `updated_at`) VALUES
(1,	'Admin',	'danhloimta@gmail.com',	NULL,	'$2y$10$FOq1FfITixOXy2wxaUDDHuae09nUisRpCOCRVKYJAGfuOrek8jT/q',	'012345678',	'default.jpg',	1,	'RFmU6Sfpra2BGCrR7a9fJVVJI5h6JbucjwCHfoVVsXugZIK34coBH3kETIKl',	NULL,	NULL);

DROP TABLE IF EXISTS `wishlists`;
CREATE TABLE `wishlists` (
  `id` bigint(20) unsigned NOT NULL AUTO_INCREMENT,
  `user_id` int(11) NOT NULL,
  `product_id` int(11) NOT NULL,
  `created_at` timestamp NULL DEFAULT NULL,
  `updated_at` timestamp NULL DEFAULT NULL,
  PRIMARY KEY (`id`)
) ENGINE=InnoDB DEFAULT CHARSET=utf8mb4 COLLATE=utf8mb4_unicode_ci;


-- 2021-03-22 17:28:28
